{
  "variants": {
    "powered=false,half=lower,hinge=left,open=false,facing=north": { "model": "block/unused_cross_0" },
    "powered=false,half=lower,hinge=left,open=false,facing=east": { "model": "block/unused_cross_0" },
    "powered=false,half=lower,hinge=left,open=false,facing=south": { "model": "block/unused_cross_0" },
    "powered=false,half=lower,hinge=left,open=false,facing=west": { "model": "block/unused_cross_0" },
    "powered=false,half=lower,hinge=left,open=true,facing=north": { "model": "block/unused_cross_0" },
    "powered=false,half=lower,hinge=left,open=true,facing=east": { "model": "block/unused_cross_0" },
    "powered=false,half=lower,hinge=left,open=true,facing=south": { "model": "block/unused_cross_0" },
    "powered=false,half=lower,hinge=left,open=true,facing=west": { "model": "block/unused_cross_0" },
    "powered=false,half=lower,hinge=right,open=false,facing=north": { "model": "block/unused_cross_0" },
    "powered=false,half=lower,hinge=right,open=false,facing=east": { "model": "block/unused_cross_0" },
    "powered=false,half=lower,hinge=right,open=false,facing=south": { "model": "block/unused_cross_0" },
    "powered=false,half=lower,hinge=right,open=false,facing=west": { "model": "block/unused_cross_0" },
    "powered=false,half=lower,hinge=right,open=true,facing=north": { "model": "block/unused_cross_0" },
    "powered=false,half=lower,hinge=right,open=true,facing=east": { "model": "block/unused_cross_0" },
    "powered=false,half=lower,hinge=right,open=true,facing=south": { "model": "block/unused_cross_0" },
    "powered=false,half=lower,hinge=right,open=true,facing=west": { "model": "block/unused_cross_0" },
    "powered=false,half=upper,hinge=left,open=false,facing=north": { "model": "block/unused_cross_0" },
    "powered=false,half=upper,hinge=left,open=false,facing=east": { "model": "block/unused_cross_0" },
    "powered=false,half=upper,hinge=left,open=false,facing=south": { "model": "block/unused_cross_0" },
    "powered=false,half=upper,hinge=left,open=false,facing=west": { "model": "block/unused_cross_0" },
    "powered=false,half=upper,hinge=left,open=true,facing=north": { "model": "block/unused_cross_0" },
    "powered=false,half=upper,hinge=left,open=true,facing=east": { "model": "block/unused_cross_0" },
    "powered=false,half=upper,hinge=left,open=true,facing=south": { "model": "block/unused_cross_0" },
    "powered=false,half=upper,hinge=left,open=true,facing=west": { "model": "block/unused_cross_0" },
    "powered=false,half=upper,hinge=right,open=false,facing=north": { "model": "block/unused_cross_0" },
    "powered=false,half=upper,hinge=right,open=false,facing=east": { "model": "block/unused_cross_0" },
    "powered=false,half=upper,hinge=right,open=false,facing=south": { "model": "block/unused_cross_0" },
    "powered=false,half=upper,hinge=right,open=false,facing=west": { "model": "block/unused_cross_0" },
    "powered=false,half=upper,hinge=right,open=true,facing=north": { "model": "block/unused_cross_0" },
    "powered=false,half=upper,hinge=right,open=true,facing=east": { "model": "block/unused_cross_0" },
    "powered=false,half=upper,hinge=right,open=true,facing=south": { "model": "block/unused_cross_0" },
    "powered=false,half=upper,hinge=right,open=true,facing=west": { "model": "block/unused_cross_0" },
    "powered=true,half=lower,hinge=left,open=false,facing=north": { "model": "block/acacia_door_bottom", "y": 270 },
    "powered=true,half=lower,hinge=left,open=false,facing=east": { "model": "block/acacia_door_bottom" },
    "powered=true,half=lower,hinge=left,open=false,facing=south": { "model": "block/acacia_door_bottom", "y": 90 },
    "powered=true,half=lower,hinge=left,open=false,facing=west": { "model": "block/acacia_door_bottom", "y": 180 },
    "powered=true,half=lower,hinge=left,open=true,facing=north": { "model": "block/acacia_door_bottom" },
    "powered=true,half=lower,hinge=left,open=true,facing=east": { "model": "block/acacia_door_bottom", "y": 90 },
    "powered=true,half=lower,hinge=left,open=true,facing=south": { "model": "block/acacia_door_bottom", "y": 180 },
    "powered=true,half=lower,hinge=left,open=true,facing=west": { "model": "block/acacia_door_bottom", "y": 270 },
    "powered=true,half=lower,hinge=right,open=false,facing=north": { "model": "block/acacia_door_bottom_hinge", "y": 270 },
    "powered=true,half=lower,hinge=right,open=false,facing=east": { "model": "block/acacia_door_bottom_hinge" },
    "powered=true,half=lower,hinge=right,open=false,facing=south": { "model": "block/acacia_door_bottom_hinge", "y": 90 },
    "powered=true,half=lower,hinge=right,open=false,facing=west": { "model": "block/acacia_door_bottom_hinge", "y": 180 },
    "powered=true,half=lower,hinge=right,open=true,facing=north": { "model": "block/acacia_door_bottom_hinge", "y": 180 },
    "powered=true,half=lower,hinge=right,open=true,facing=east": { "model": "block/acacia_door_bottom_hinge", "y": 270 },
    "powered=true,half=lower,hinge=right,open=true,facing=south": { "model": "block/acacia_door_bottom_hinge" },
    "powered=true,half=lower,hinge=right,open=true,facing=west": { "model": "block/acacia_door_bottom_hinge", "y": 90 },
    "powered=true,half=upper,hinge=left,open=false,facing=north": { "model": "block/acacia_door_top", "y": 270 },
    "powered=true,half=upper,hinge=left,open=false,facing=east": { "model": "block/acacia_door_top" },
    "powered=true,half=upper,hinge=left,open=false,facing=south": { "model": "block/acacia_door_top", "y": 90 },
    "powered=true,half=upper,hinge=left,open=false,facing=west": { "model": "block/acacia_door_top", "y": 180 },
    "powered=true,half=upper,hinge=left,open=true,facing=north": { "model": "block/acacia_door_top" },
    "powered=true,half=upper,hinge=left,open=true,facing=east": { "model": "block/acacia_door_top", "y": 90 },
    "powered=true,half=upper,hinge=left,open=true,facing=south": { "model": "block/acacia_door_top", "y": 180 },
    "powered=true,half=upper,hinge=left,open=true,facing=west": { "model": "block/acacia_door_top", "y": 270 },
    "powered=true,half=upper,hinge=right,open=false,facing=north": { "model": "block/acacia_door_top_hinge", "y": 270 },
    "powered=true,half=upper,hinge=right,open=false,facing=east": { "model": "block/acacia_door_top_hinge" },
    "powered=true,half=upper,hinge=right,open=false,facing=south": { "model": "block/acacia_door_top_hinge", "y": 90 },
    "powered=true,half=upper,hinge=right,open=false,facing=west": { "model": "block/acacia_door_top_hinge", "y": 180 },
    "powered=true,half=upper,hinge=right,open=true,facing=north": { "model": "block/acacia_door_top_hinge", "y": 180 },
    "powered=true,half=upper,hinge=right,open=true,facing=east": { "model": "block/acacia_door_top_hinge", "y": 270 },
    "powered=true,half=upper,hinge=right,open=true,facing=south": { "model": "block/acacia_door_top_hinge" },
    "powered=true,half=upper,hinge=right,open=true,facing=west": { "model": "block/acacia_door_top_hinge", "y": 90 }
  }
}