{
    "variants": {
        "facing=north,half=bottom,open=false,powered=false": { "model": "block/unused_cross_0" },
        "facing=south,half=bottom,open=false,powered=false": { "model": "block/unused_cross_0" },
        "facing=east,half=bottom,open=false,powered=false": { "model": "block/unused_cross_0" },
        "facing=west,half=bottom,open=false,powered=false": { "model": "block/unused_cross_0" },
        "facing=north,half=top,open=false,powered=false": { "model": "block/unused_cross_0" },
        "facing=south,half=top,open=false,powered=false": { "model": "block/unused_cross_0" },
        "facing=east,half=top,open=false,powered=false": { "model": "block/unused_cross_0" },
        "facing=west,half=top,open=false,powered=false": { "model": "block/unused_cross_0" },
        "facing=north,half=bottom,open=true,powered=false": { "model": "block/unused_cross_0" },
        "facing=south,half=bottom,open=true,powered=false": { "model": "block/unused_cross_0" },
        "facing=east,half=bottom,open=true,powered=false": { "model": "block/unused_cross_0" },
        "facing=west,half=bottom,open=true,powered=false": { "model": "block/unused_cross_0" },
        "facing=north,half=top,open=true,powered=false": { "model": "block/unused_cross_0" },
        "facing=south,half=top,open=true,powered=false": { "model": "block/unused_cross_0" },
        "facing=east,half=top,open=true,powered=false": { "model": "block/unused_cross_0" },
        "facing=west,half=top,open=true,powered=false": { "model": "block/unused_cross_0" },
		    "facing=north,half=bottom,open=false,powered=true": { "model": "block/unused_cross_0" },
        "facing=south,half=bottom,open=false,powered=true": { "model": "block/unused_cross_0" },
        "facing=east,half=bottom,open=false,powered=true": { "model": "block/unused_cross_0" },
        "facing=west,half=bottom,open=false,powered=true": { "model": "block/unused_cross_0" },
        "facing=north,half=top,open=false,powered=true": { "model": "block/unused_cross_0" },
        "facing=south,half=top,open=false,powered=true": { "model": "block/unused_cross_0" },
        "facing=east,half=top,open=false,powered=true": { "model": "block/unused_cross_0" },
        "facing=west,half=top,open=false,powered=true": { "model": "block/unused_cross_0" },
        "facing=north,half=bottom,open=true,powered=true": { "model": "block/unused_cross_0" },
        "facing=south,half=bottom,open=true,powered=true": { "model": "block/unused_cross_0" },
        "facing=east,half=bottom,open=true,powered=true": { "model": "block/unused_cross_0" },
        "facing=west,half=bottom,open=true,powered=true": { "model": "block/unused_cross_0" },
        "facing=north,half=top,open=true,powered=true": { "model": "block/unused_cross_0" },
        "facing=south,half=top,open=true,powered=true": { "model": "block/unused_cross_0" },
        "facing=east,half=top,open=true,powered=true": { "model": "block/unused_cross_0" },
        "facing=west,half=top,open=true,powered=true": { "model": "block/unused_cross_0" }
    }
}
