{
  "variants": {
    "persistent=false,distance=1": { "model": "block/unused_block" },
    "persistent=false,distance=2": { "model": "block/unused_block" },
    "persistent=false,distance=3": { "model": "block/unused_block" },
    "persistent=false,distance=4": { "model": "block/unused_block" },
    "persistent=false,distance=5": { "model": "block/unused_block" },
    "persistent=false,distance=6": { "model": "block/unused_block" },
    "persistent=false,distance=7": { "model": "block/unused_block" },
    "persistent=true,distance=1": { "model": "block/unused_block" },
    "persistent=true,distance=2": { "model": "block/unused_block" },
    "persistent=true,distance=3": { "model": "block/unused_block" },
    "persistent=true,distance=4": { "model": "block/unused_block" },
    "persistent=true,distance=5": { "model": "block/unused_block" },
    "persistent=true,distance=6": { "model": "block/unused_block" },
    "persistent=true,distance=7": { "model": "block/acacia_leaves" }
  }
}
