{
  "variants": {
    "facing=south": [
      { "model": "block/anvil", "weight": 7 },
      { "model": "block/anvil1", "weight": 4 },
      {  "model": "block/anvil2", "weight": 3 }
    ],
    "facing=west": [
      { "model": "block/anvil", "y": 90, "weight": 7 },
      { "model": "block/anvil1", "y": 90, "weight": 4 },
      { "model": "block/anvil2", "y": 90, "weight": 3 }
    ],
    "facing=north": [
      { "model": "block/anvil", "y": 180, "weight": 7 },
      { "model": "block/anvil1", "y": 180, "weight": 4 },
      { "model": "block/anvil2", "y": 180, "weight": 3 }
    ],
    "facing=east": [
      { "model": "block/anvil", "y": 270, "weight": 7 },
      { "model": "block/anvil1", "y": 270, "weight": 4 },
      { "model": "block/anvil2", "y": 270, "weight": 3 }
    ]
  }
}
