{
  "variants": {
    "age=0": { "model": "block/cactus_0", "uvlock": true },
    "age=1": { "model": "block/cactus_1" },
    "age=2": { "model": "block/cactus_2" },
    "age=3": { "model": "block/cactus_2", "x": 90 },
    "age=4": { "model": "block/cactus_2", "x": 90, "y": 90 },
    "age=5": { "model": "block/cactus_5" },
    "age=6": { "model": "block/cactus_6", "uvlock": true },
    "age=7": { "model": "block/cactus_6", "y": 90, "uvlock": true },
    "age=8": { "model": "block/cactus_6", "y": 180, "uvlock": true },
    "age=9": { "model": "block/cactus_6", "y": 270, "uvlock": true },
    "age=10": { "model": "block/cactus_10", "uvlock": true },
    "age=11": [
      { "model": "block/cactus_11" },
      { "model": "block/cactus_11", "y": 90 }],
    "age=12": { "model": "block/cactus_12", "uvlock": true },
    "age=13": { "model": "block/cactus_13", "uvlock": true },
    "age=14": { "model": "block/unused_cross_0" },
    "age=15": { "model": "block/unused_cross_0" }
     
  }
}
