{
  "variants": {
    "age=0": [
      { "model": "block/carrots_0_0" },
      { "model": "block/carrots_0_0", "y": 90 },
      { "model": "block/carrots_0_0", "y": 180 },
      { "model": "block/carrots_0_0", "y": 270 },
      { "model": "block/carrots_0_1" },
      { "model": "block/carrots_0_1", "y": 90 },
      { "model": "block/carrots_0_1", "y": 180 },
      { "model": "block/carrots_0_1", "y": 270 },
      { "model": "block/carrots_0_2" },
      { "model": "block/carrots_0_2", "y": 90 },
      { "model": "block/carrots_0_2", "y": 180 },
      { "model": "block/carrots_0_2", "y": 270 },
      { "model": "block/carrots_0_3" },
      { "model": "block/carrots_0_3", "y": 90 },
      { "model": "block/carrots_0_3", "y": 180 },
      { "model": "block/carrots_0_3", "y": 270 },
      { "model": "block/carrots_0_4" },
      { "model": "block/carrots_0_4", "y": 90 },
      { "model": "block/carrots_0_4", "y": 180 },
      { "model": "block/carrots_0_4", "y": 270 },
      { "model": "block/carrots_0_5" },
      { "model": "block/carrots_0_5", "y": 90 },
      { "model": "block/carrots_0_5", "y": 180 },
      { "model": "block/carrots_0_5", "y": 270 },
      { "model": "block/carrots_0_6" },
      { "model": "block/carrots_0_6", "y": 90 },
      { "model": "block/carrots_0_6", "y": 180 },
      { "model": "block/carrots_0_6", "y": 270 },
      { "model": "block/carrots_0_7" },
      { "model": "block/carrots_0_7", "y": 90 },
      { "model": "block/carrots_0_7", "y": 180 },
      { "model": "block/carrots_0_7", "y": 270 },
      { "model": "block/carrots_0_8" },
      { "model": "block/carrots_0_8", "y": 90 },
      { "model": "block/carrots_0_8", "y": 180 },
      { "model": "block/carrots_0_8", "y": 270 },
      { "model": "block/carrots_0_9" },
      { "model": "block/carrots_0_9", "y": 90 },
      { "model": "block/carrots_0_9", "y": 180 },
      { "model": "block/carrots_0_9", "y": 270 }
    ],
    "age=1": [
      { "model": "block/carrots_1_0" },
      { "model": "block/carrots_1_0", "y": 90 },
      { "model": "block/carrots_1_0", "y": 180 },
      { "model": "block/carrots_1_0", "y": 270 },
      { "model": "block/carrots_1_1" },
      { "model": "block/carrots_1_1", "y": 90 },
      { "model": "block/carrots_1_1", "y": 180 },
      { "model": "block/carrots_1_1", "y": 270 },
      { "model": "block/carrots_1_2" },
      { "model": "block/carrots_1_2", "y": 90 },
      { "model": "block/carrots_1_2", "y": 180 },
      { "model": "block/carrots_1_2", "y": 270 },
      { "model": "block/carrots_1_3" },
      { "model": "block/carrots_1_3", "y": 90 },
      { "model": "block/carrots_1_3", "y": 180 },
      { "model": "block/carrots_1_3", "y": 270 },
      { "model": "block/carrots_1_4" },
      { "model": "block/carrots_1_4", "y": 90 },
      { "model": "block/carrots_1_4", "y": 180 },
      { "model": "block/carrots_1_4", "y": 270 }
    ],
    "age=2": [
      {"model": "block/carrots_2_0" },
      { "model": "block/carrots_2_0", "y": 90 },
      { "model": "block/carrots_2_0", "y": 180 },
      { "model": "block/carrots_2_0", "y": 270 },
      { "model": "block/carrots_2_1" },
      { "model": "block/carrots_2_1", "y": 90 },
      { "model": "block/carrots_2_1", "y": 180 },
      { "model": "block/carrots_2_1", "y": 270 }
    ],
    "age=3": [
      { "model": "block/carrots_3_0" },
      { "model": "block/carrots_3_0", "y": 90 },
      { "model": "block/carrots_3_0", "y": 180 },
      { "model": "block/carrots_3_0", "y": 270 },
      { "model": "block/carrots_3_1" },
      { "model": "block/carrots_3_1", "y": 90 },
      { "model": "block/carrots_3_1", "y": 180 },
      { "model": "block/carrots_3_1", "y": 270 }
    ],
    "age=4": { "model": "block/carrots_4" },
    "age=5": { "model": "block/unused_cross_0" },
    "age=6": { "model": "block/unused_cross_0" },
    "age=7": { "model": "block/unused_cross_0" }
  }
}
