{
  "variants": {
    "facing=south": [
      { "model": "block/chipped_anvil", "weight": 2 },
      { "model": "block/chipped_anvil1", "weight": 2 },
      { "model": "block/chipped_anvil2", "weight": 2 },
      { "model": "block/chipped_anvil3",  "weight": 6 }
    ],
    "facing=west": [
      { "model": "block/chipped_anvil", "y": 90, "weight": 2 },
      { "model": "block/chipped_anvil1", "y": 90, "weight": 2 },
      { "model": "block/chipped_anvil2", "y": 90, "weight": 2 },
      { "model": "block/chipped_anvil3", "y": 90, "weight": 6 }
    ],
    "facing=north": [
      { "model": "block/chipped_anvil", "y": 180, "weight": 2 },
      { "model": "block/chipped_anvil1", "y": 180, "weight": 2 },
      { "model": "block/chipped_anvil2", "y": 180, "weight": 2 },
      { "model": "block/chipped_anvil3", "y": 180, "weight": 6 }
    ],
    "facing=east": [
      { "model": "block/chipped_anvil", "y": 270, "weight": 2 },
      { "model": "block/chipped_anvil1", "y": 270, "weight": 2 },
      { "model": "block/chipped_anvil2", "y": 270, "weight": 2 },
      { "model": "block/chipped_anvil3", "y": 270, "weight": 6 }
    ]
  }
}
