{
  "variants": {
    "facing=north,age=0": {"model": "block/unused_cross_0"},
    "facing=north,age=1": {"model": "block/unused_cross_0"},
    "facing=north,age=2": {"model": "block/unused_cross_0"},
    "facing=east,age=0": {"model": "block/unused_cross_0"},
    "facing=east,age=1": {"model": "block/unused_cross_0"},
    "facing=east,age=2": {"model": "block/unused_cross_0"},
    "facing=south,age=0": {"model": "block/unused_cross_0"},
    "facing=south,age=1": {"model": "block/unused_cross_0"},
    "facing=south,age=2": {"model": "block/unused_cross_0"},
    "facing=west,age=0": {"model": "block/unused_cross_0"},
    "facing=west,age=1": {"model": "block/unused_cross_0"},
    "facing=west,age=2": {"model": "block/unused_cross_0"}
  }
}