{
  "variants": {
    "mode=compare,powered=false,facing=north": { "model": "block/comparator_0" },
    "mode=compare,powered=false,facing=east": { "model": "block/comparator_1" },
    "mode=compare,powered=false,facing=south": { "model": "block/comparator_2" },
    "mode=compare,powered=false,facing=west": { "model": "block/comparator_3" },
    "mode=compare,powered=true,facing=north": { "model": "block/unused_slab" },
    "mode=compare,powered=true,facing=east": { "model": "block/unused_slab" },
    "mode=compare,powered=true,facing=south": { "model": "block/comparator_6" },
    "mode=compare,powered=true,facing=west": { "model": "block/comparator_7" },
    "mode=subtract,powered=false,facing=north": { "model": "block/comparator_8" },
    "mode=subtract,powered=false,facing=east,": { "model": "block/comparator_9" },
    "mode=subtract,powered=false,facing=south": { "model": "block/comparator_10" },
    "mode=subtract,powered=false,facing=west": { "model": "block/comparator_11" },
    "mode=subtract,powered=true,facing=north": { "model": "block/unused_slab" },
    "mode=subtract,powered=true,facing=east": { "model": "block/unused_slab" },
    "mode=subtract,powered=true,facing=south": { "model": "block/unused_slab" },
    "mode=subtract,powered=true,facing=west": { "model": "block/unused_slab" }
  }
}
