{
  "variants": {
    "waterlogged=false,half=bottom,shape=straight,facing=north": { "model": "block/unused_block" },
    "waterlogged=false,half=bottom,shape=straight,facing=east": { "model": "block/unused_block" },
    "waterlogged=false,half=bottom,shape=straight,facing=south": { "model": "block/unused_block" },
    "waterlogged=false,half=bottom,shape=straight,facing=west": { "model": "block/unused_block" },
    "waterlogged=false,half=bottom,shape=inner_left,facing=north": { "model": "block/unused_block" },
    "waterlogged=false,half=bottom,shape=inner_left,facing=east": { "model": "block/unused_block" },
    "waterlogged=false,half=bottom,shape=inner_left,facing=south": { "model": "block/unused_block" },
    "waterlogged=false,half=bottom,shape=inner_left,facing=west": { "model": "block/unused_block" },
    "waterlogged=false,half=bottom,shape=inner_right,facing=north": { "model": "block/unused_block" },
    "waterlogged=false,half=bottom,shape=inner_right,facing=east": { "model": "block/unused_block" },
    "waterlogged=false,half=bottom,shape=inner_right,facing=south": { "model": "block/unused_block" },
    "waterlogged=false,half=bottom,shape=inner_right,facing=west": { "model": "block/unused_block" },
    "waterlogged=false,half=bottom,shape=outer_left,facing=north": { "model": "block/unused_block" },
    "waterlogged=false,half=bottom,shape=outer_left,facing=east": { "model": "block/unused_block" },
    "waterlogged=false,half=bottom,shape=outer_left,facing=south": { "model": "block/unused_block" },
    "waterlogged=false,half=bottom,shape=outer_left,facing=west": { "model": "block/unused_block" },
    "waterlogged=false,half=bottom,shape=outer_right,facing=north": { "model": "block/unused_block" },
    "waterlogged=false,half=bottom,shape=outer_right,facing=east": { "model": "block/unused_block" },
    "waterlogged=false,half=bottom,shape=outer_right,facing=south": { "model": "block/unused_block" },
    "waterlogged=false,half=bottom,shape=outer_right,facing=west": { "model": "block/unused_block" },
    "waterlogged=false,half=top,shape=straight,facing=north": { "model": "block/unused_block" },
    "waterlogged=false,half=top,shape=straight,facing=east": { "model": "block/unused_block" },
    "waterlogged=false,half=top,shape=straight,facing=south": { "model": "block/unused_block" },
    "waterlogged=false,half=top,shape=straight,facing=west": { "model": "block/unused_block" },
    "waterlogged=false,half=top,shape=inner_left,facing=north": { "model": "block/unused_block" },
    "waterlogged=false,half=top,shape=inner_left,facing=east": { "model": "block/unused_block" },
    "waterlogged=false,half=top,shape=inner_left,facing=south": { "model": "block/unused_block" },
    "waterlogged=false,half=top,shape=inner_left,facing=west": { "model": "block/unused_block" },
    "waterlogged=false,half=top,shape=inner_right,facing=north": { "model": "block/unused_block" },
    "waterlogged=false,half=top,shape=inner_right,facing=east": { "model": "block/unused_block" },
    "waterlogged=false,half=top,shape=inner_right,facing=south": { "model": "block/unused_block" },
    "waterlogged=false,half=top,shape=inner_right,facing=west": { "model": "block/unused_block" },
    "waterlogged=false,half=top,shape=outer_left,facing=north": { "model": "block/unused_block" },
    "waterlogged=false,half=top,shape=outer_left,facing=east": { "model": "block/unused_block" },
    "waterlogged=false,half=top,shape=outer_left,facing=south": { "model": "block/unused_block" },
    "waterlogged=false,half=top,shape=outer_left,facing=west": { "model": "block/unused_block" },
    "waterlogged=false,half=top,shape=outer_right,facing=north": { "model": "block/unused_block" },
    "waterlogged=false,half=top,shape=outer_right,facing=east": { "model": "block/unused_block" },
    "waterlogged=false,half=top,shape=outer_right,facing=south": { "model": "block/unused_block" },
    "waterlogged=false,half=top,shape=outer_right,facing=west": { "model": "block/unused_block" },
    "waterlogged=true,half=bottom,shape=straight,facing=north": { "model": "block/unused_block" },
    "waterlogged=true,half=bottom,shape=straight,facing=east": { "model": "block/unused_block" },
    "waterlogged=true,half=bottom,shape=straight,facing=south": { "model": "block/unused_block" },
    "waterlogged=true,half=bottom,shape=straight,facing=west": { "model": "block/unused_block" },
    "waterlogged=true,half=bottom,shape=inner_left,facing=north": { "model": "block/unused_block" },
    "waterlogged=true,half=bottom,shape=inner_left,facing=east": { "model": "block/unused_block" },
    "waterlogged=true,half=bottom,shape=inner_left,facing=south": { "model": "block/unused_block" },
    "waterlogged=true,half=bottom,shape=inner_left,facing=west": { "model": "block/unused_block" },
    "waterlogged=true,half=bottom,shape=inner_right,facing=north": { "model": "block/unused_block" },
    "waterlogged=true,half=bottom,shape=inner_right,facing=east": { "model": "block/unused_block" },
    "waterlogged=true,half=bottom,shape=inner_right,facing=south": { "model": "block/unused_block" },
    "waterlogged=true,half=bottom,shape=inner_right,facing=west": { "model": "block/unused_block" },
    "waterlogged=true,half=bottom,shape=outer_left,facing=north": { "model": "block/unused_block" },
    "waterlogged=true,half=bottom,shape=outer_left,facing=east": { "model": "block/unused_block" },
    "waterlogged=true,half=bottom,shape=outer_left,facing=south": { "model": "block/unused_block" },
    "waterlogged=true,half=bottom,shape=outer_left,facing=west": { "model": "block/unused_block" },
    "waterlogged=true,half=bottom,shape=outer_right,facing=north": { "model": "block/unused_block" },
    "waterlogged=true,half=bottom,shape=outer_right,facing=east": { "model": "block/unused_block" },
    "waterlogged=true,half=bottom,shape=outer_right,facing=south": { "model": "block/unused_block" },
    "waterlogged=true,half=bottom,shape=outer_right,facing=west": { "model": "block/unused_block" },
    "waterlogged=true,half=top,shape=straight,facing=north": { "model": "block/unused_block" },
    "waterlogged=true,half=top,shape=straight,facing=east": { "model": "block/unused_block" },
    "waterlogged=true,half=top,shape=straight,facing=south": { "model": "block/unused_block" },
    "waterlogged=true,half=top,shape=straight,facing=west": { "model": "block/unused_block" },
    "waterlogged=true,half=top,shape=inner_left,facing=north": { "model": "block/unused_block" },
    "waterlogged=true,half=top,shape=inner_left,facing=east": { "model": "block/unused_block" },
    "waterlogged=true,half=top,shape=inner_left,facing=south": { "model": "block/unused_block" },
    "waterlogged=true,half=top,shape=inner_left,facing=west": { "model": "block/unused_block" },
    "waterlogged=true,half=top,shape=inner_right,facing=north": { "model": "block/unused_block" },
    "waterlogged=true,half=top,shape=inner_right,facing=east": { "model": "block/unused_block" },
    "waterlogged=true,half=top,shape=inner_right,facing=south": { "model": "block/unused_block" },
    "waterlogged=true,half=top,shape=inner_right,facing=west": { "model": "block/unused_block" },
    "waterlogged=true,half=top,shape=outer_left,facing=north": { "model": "block/unused_block" },
    "waterlogged=true,half=top,shape=outer_left,facing=east": { "model": "block/unused_block" },
    "waterlogged=true,half=top,shape=outer_left,facing=south": { "model": "block/unused_block" },
    "waterlogged=true,half=top,shape=outer_left,facing=west": { "model": "block/unused_block" },
    "waterlogged=true,half=top,shape=outer_right,facing=north": { "model": "block/unused_block" },
    "waterlogged=true,half=top,shape=outer_right,facing=east": { "model": "block/unused_block" },
    "waterlogged=true,half=top,shape=outer_right,facing=south": { "model": "block/unused_block" },
    "waterlogged=true,half=top,shape=outer_right,facing=west": { "model": "block/unused_block" }
  }
}