{
  "variants": {
    "north=false,east=false,south=false,west=false": { "model": "block/dark_oak_fence_post" },
    "north=false,east=false,south=false,west=true": { "model": "block/dark_oak_fence_n", "y": 270 },
    "north=false,east=false,south=true,west=false": { "model": "block/dark_oak_fence_n", "y": 180 },
    "north=false,east=false,south=true,west=true": { "model": "block/dark_oak_fence_ne", "y": 180 },
    "north=false,east=true,south=false,west=false": { "model": "block/dark_oak_fence_n", "y": 90 },
    "north=false,east=true,south=false,west=true": { "model": "block/dark_oak_fence_ns", "y": 90 },
    "north=false,east=true,south=true,west=false": { "model": "block/dark_oak_fence_ne", "y": 90 },
    "north=false,east=true,south=true,west=true": { "model": "block/dark_oak_fence_nse", "y": 90 },
    "north=true,east=false,south=false,west=false": { "model": "block/dark_oak_fence_n" },
    "north=true,east=false,south=false,west=true": { "model": "block/dark_oak_fence_ne", "y": 270 },
    "north=true,east=false,south=true,west=true": { "model": "block/dark_oak_fence_nse", "y": 180 },
    "north=true,east=false,south=true,west=false": { "model": "block/dark_oak_fence_ns" },
    "north=true,east=true,south=false,west=false": { "model": "block/dark_oak_fence_ne" },
    "north=true,east=true,south=false,west=true": { "model": "block/dark_oak_fence_nse", "y": 270 },
    "north=true,east=true,south=true,west=false": { "model": "block/dark_oak_fence_nse" },
    "north=true,east=true,south=true,west=true": { "model": "block/dark_oak_fence_nsew" }
  }
}
