{
  "variants": {
    "powered=false,shape=north_south": { "model": "block/detector_rail" },
    "powered=false,shape=east_west": { "model": "block/detector_rail", "y": 90 },
    "powered=false,shape=ascending_east": { "model": "block/detector_rail_raised_ne", "y": 90 },
    "powered=false,shape=ascending_west": { "model": "block/detector_rail_raised_sw", "y": 90 },
    "powered=false,shape=ascending_north": { "model": "block/detector_rail_raised_ne" },
    "powered=false,shape=ascending_south": { "model": "block/detector_rail_raised_sw" },
    "powered=true,shape=north_south": { "model": "block/detector_rail_flat_diagonal" },
    "powered=true,shape=east_west": { "model": "block/detector_rail_flat_diagonal", "y": 90 },
    "powered=true,shape=ascending_east": { "model": "block/detector_rail_raised_e" },
    "powered=true,shape=ascending_west": { "model": "block/unused_cross_0" },
    "powered=true,shape=ascending_north": { "model": "block/unused_cross_0" },
    "powered=true,shape=ascending_south": { "model": "block/unused_cross_0" }
  }
}
