{
  "variants": {
    "triggered=false,facing=north": { "model": "block/unused_block" },
    "triggered=false,facing=east": { "model": "block/unused_block" },
    "triggered=false,facing=south": {  "model": "block/unused_block" },
    "triggered=false,facing=west": { "model": "block/unused_block" },
    "triggered=false,facing=down": { "model": "block/unused_block" },
    "triggered=false,facing=up": { "model": "block/unused_block" },
    "triggered=true,facing=north": { "model": "block/unused_block" },
    "triggered=true,facing=east": { "model": "block/unused_block" },
    "triggered=true,facing=south": { "model": "block/unused_block" },
    "triggered=true,facing=west": { "model": "block/unused_block" },
    "triggered=true,facing=down": { "model": "block/unused_block" },
    "triggered=true,facing=up": { "model": "block/unused_block" }
  }
}
