{
  "variants": {
    "triggered=false,facing=north": { "model": "block/unused_block" },
    "triggered=false,facing=east": { "model": "block/unused_block" },
    "triggered=false,facing=south": { "model": "block/unused_block" },
    "triggered=false,facing=west": { "model": "block/unused_block" },
    "triggered=false,facing=up": { "model": "block/dropper_vertical","x": 270 },
    "triggered=false,facing=down": { "model": "block/dropper_vertical", "x": 90 },
    "triggered=true,facing=north": { "model": "block/dropper_1", "x": 90 },
    "triggered=true,facing=east": { "model": "block/dropper_2", "y": 90, "x": 90 },
    "triggered=true,facing=south": { "model": "block/dropper_2", "x": 90 },
    "triggered=true,facing=west": { "model": "block/dropper_1", "y": 90, "x": 90 },
    "triggered=true,facing=up": { "model": "block/dropper_2" },
    "triggered=true,facing=down":{"model": "block/dropper_1"}
  }
}
