{
  "variants": {
    "waterlogged=false,east=none,north=none,south=none,west=none,up=true": { "model": "block/unused_cross_0" },
    "waterlogged=false,east=none,north=none,south=none,west=none,up=false": { "model": "block/unused_cross_0" },
    "waterlogged=false,east=none,north=none,south=none,west=low,up=true": { "model": "block/unused_cross_0" },
    "waterlogged=false,east=none,north=none,south=none,west=low,up=false": { "model": "block/unused_cross_0" },
    "waterlogged=false,east=none,north=none,south=low,west=none,up=true": { "model": "block/unused_cross_0" },
    "waterlogged=false,east=none,north=none,south=low,west=none,up=false": { "model": "block/unused_cross_0" },
    "waterlogged=false,east=none,north=none,south=low,west=low,up=true": { "model": "block/unused_cross_0" },
    "waterlogged=false,east=none,north=none,south=low,west=low,up=false": { "model": "block/unused_cross_0" },
    "waterlogged=false,east=none,north=low,south=none,west=none,up=true": { "model": "block/unused_cross_0" },
    "waterlogged=false,east=none,north=low,south=none,west=none,up=false": { "model": "block/unused_cross_0" },
    "waterlogged=false,east=none,north=low,south=none,west=low,up=true": { "model": "block/unused_cross_0" },
    "waterlogged=false,east=none,north=low,south=none,west=low,up=false": { "model": "block/unused_cross_0" },
    "waterlogged=false,east=none,north=low,south=low,west=none,up=true": { "model": "block/unused_cross_0" },
    "waterlogged=false,east=none,north=low,south=low,west=none,up=false": { "model": "block/unused_cross_0" },
    "waterlogged=false,east=none,north=low,south=low,west=low,up=true": { "model": "block/unused_cross_0" },
    "waterlogged=false,east=none,north=low,south=low,west=low,up=false": { "model": "block/unused_cross_0" },
    "waterlogged=false,west=low,north=none,south=none,west=none,up=true": { "model": "block/unused_cross_0" },
    "waterlogged=false,west=low,north=none,south=none,west=none,up=false": { "model": "block/unused_cross_0" },
    "waterlogged=false,west=low,north=none,south=none,west=low,up=true": { "model": "block/unused_cross_0" },
    "waterlogged=false,west=low,north=none,south=none,west=low,up=false": { "model": "block/unused_cross_0" },
    "waterlogged=false,west=low,north=none,south=low,west=none,up=true": { "model": "block/unused_cross_0" },
    "waterlogged=false,west=low,north=none,south=low,west=none,up=false": { "model": "block/unused_cross_0" },
    "waterlogged=false,west=low,north=none,south=low,west=low,up=true": { "model": "block/unused_cross_0" },
    "waterlogged=false,west=low,north=none,south=low,west=low,up=false": { "model": "block/unused_cross_0" },
    "waterlogged=false,west=low,north=low,south=none,west=none,up=true": { "model": "block/unused_cross_0" },
    "waterlogged=false,west=low,north=low,south=none,west=none,up=false": { "model": "block/unused_cross_0" },
    "waterlogged=false,west=low,north=low,south=none,west=low,up=true":  { "model": "block/unused_cross_0" },
    "waterlogged=false,west=low,north=low,south=none,west=low,up=false": { "model": "block/unused_cross_0" },
    "waterlogged=false,west=low,north=low,south=low,west=none,up=true": { "model": "block/unused_cross_0" },
    "waterlogged=false,west=low,north=low,south=low,west=none,up=false": { "model": "block/unused_cross_0" },
    "waterlogged=false,west=low,north=low,south=low,west=low,up=true": { "model": "block/unused_cross_0"},
    "waterlogged=false,west=low,north=low,south=low,west=low,up=false": { "model": "block/unused_cross_0" },
    "waterlogged=true,east=none,north=none,south=none,west=none,up=true": { "model": "block/unused_cross_0" },
    "waterlogged=true,east=none,north=none,south=none,west=none,up=false": { "model": "block/unused_cross_0" },
    "waterlogged=true,east=none,north=none,south=none,west=low,up=true": { "model": "block/unused_cross_0" },
    "waterlogged=true,east=none,north=none,south=none,west=low,up=false": { "model": "block/unused_cross_0" },
    "waterlogged=true,east=none,north=none,south=low,west=none,up=true": { "model": "block/unused_cross_0" },
    "waterlogged=true,east=none,north=none,south=low,west=none,up=false": { "model": "block/unused_cross_0" },
    "waterlogged=true,east=none,north=none,south=low,west=low,up=true": { "model": "block/unused_cross_0" },
    "waterlogged=true,east=none,north=none,south=low,west=low,up=false": { "model": "block/unused_cross_0" },
    "waterlogged=true,east=none,north=low,south=none,west=none,up=true": { "model": "block/unused_cross_0" },
    "waterlogged=true,east=none,north=low,south=none,west=none,up=false": { "model": "block/unused_cross_0" },
    "waterlogged=true,east=none,north=low,south=none,west=low,up=true": { "model": "block/unused_cross_0" },
    "waterlogged=true,east=none,north=low,south=none,west=low,up=false": { "model": "block/unused_cross_0" },
    "waterlogged=true,east=none,north=low,south=low,west=none,up=true": { "model": "block/unused_cross_0" },
    "waterlogged=true,east=none,north=low,south=low,west=none,up=false": { "model": "block/unused_cross_0" },
    "waterlogged=true,east=none,north=low,south=low,west=low,up=true": { "model": "block/unused_cross_0" },
    "waterlogged=true,east=none,north=low,south=low,west=low,up=false": { "model": "block/unused_cross_0" },
    "waterlogged=true,west=low,north=none,south=none,west=none,up=true": { "model": "block/unused_cross_0" },
    "waterlogged=true,west=low,north=none,south=none,west=none,up=false": { "model": "block/unused_cross_0" },
    "waterlogged=true,west=low,north=none,south=none,west=low,up=true": { "model": "block/unused_cross_0" },
    "waterlogged=true,west=low,north=none,south=none,west=low,up=false": { "model": "block/unused_cross_0" },
    "waterlogged=true,west=low,north=none,south=low,west=none,up=true": { "model": "block/unused_cross_0" },
    "waterlogged=true,west=low,north=none,south=low,west=none,up=false": { "model": "block/unused_cross_0" },
    "waterlogged=true,west=low,north=none,south=low,west=low,up=true": { "model": "block/unused_cross_0" },
    "waterlogged=true,west=low,north=none,south=low,west=low,up=false": { "model": "block/unused_cross_0" },
    "waterlogged=true,west=low,north=low,south=none,west=none,up=true": { "model": "block/unused_cross_0" },
    "waterlogged=true,west=low,north=low,south=none,west=none,up=false": { "model": "block/unused_cross_0" },
    "waterlogged=true,west=low,north=low,south=none,west=low,up=true":  { "model": "block/unused_cross_0" },
    "waterlogged=true,west=low,north=low,south=none,west=low,up=false": { "model": "block/unused_cross_0" },
    "waterlogged=true,west=low,north=low,south=low,west=none,up=true": { "model": "block/unused_cross_0" },
    "waterlogged=true,west=low,north=low,south=low,west=none,up=false": { "model": "block/unused_cross_0" },
    "waterlogged=true,west=low,north=low,south=low,west=low,up=true": { "model": "block/unused_cross_0" },
    "waterlogged=true,west=low,north=low,south=low,west=low,up=false": { "model": "block/unused_cross_0" }
  }
}
