{
  "variants": {
    "eye=false,facing=south": { "model": "block/end_portal_frame_0" },
    "eye=false,facing=west": { "model": "block/end_portal_frame_1" },
    "eye=false,facing=north": { "model": "block/end_portal_frame_2" },
    "eye=false,facing=east": { "model": "block/end_portal_frame_3" },
    "eye=true,facing=south": { "model": "block/end_portal_frame_4" },
    "eye=true,facing=west": { "model": "block/end_portal_frame_5" },
    "eye=true,facing=north": { "model": "block/end_portal_frame_6" },
    "eye=true,facing=east": { "model": "block/end_portal_frame_7" }
  }
}
