{
    "variants": {
        "facing=north,lit=false": { "model": "block/furnace" },
        "facing=south,lit=false": { "model": "block/furnace", "y": 180 },
        "facing=west,lit=false":  { "model": "block/furnace", "y": 270 },
        "facing=east,lit=false":  { "model": "block/furnace", "y": 90 },
        "facing=north,lit=true": { "model": "block/unused_block" },
        "facing=south,lit=true": { "model": "block/unused_block" },
        "facing=west,lit=true":  { "model": "block/unused_block" },
        "facing=east,lit=true":  { "model": "block/unused_block" }
    }
}
