{
  "variants": {
    "enabled=true,facing=down": [
                               	   {"model": "block/hopper_enabled_down"},
	                               {"model": "block/hopper_enabled_down", "y": 90},
								   {"model": "block/hopper_enabled_down", "y": 180},
								   {"model": "block/hopper_enabled_down", "y": 270}
	                            ],
    "enabled=true,facing=north": { "model": "block/hopper_enabled_north" },
    "enabled=true,facing=east": { "model": "block/hopper_enabled_east" },
    "enabled=true,facing=south": { "model": "block/hopper_enabled_south" },
    "enabled=true,facing=west": { "model": "block/hopper_enabled_west" },
    "enabled=false,facing=down": [
                               	   {"model": "block/hopper_disabled_down"},
	                               {"model": "block/hopper_disabled_down", "y": 90},
								   {"model": "block/hopper_disabled_down", "y": 180},
								   {"model": "block/hopper_disabled_down", "y": 270}
	                            ],
    "enabled=false,facing=north": { "model": "block/hopper_disabled_north" },
    "enabled=false,facing=east": { "model": "block/hopper_disabled_east" },
    "enabled=false,facing=south": { "model": "block/hopper_disabled_south" },
    "enabled=false,facing=west": { "model": "block/hopper_disabled_west" }
  }
}
