{
  "variants": {
    "facing=north,half=bottom,open=false,powered=false": { "model": "block/iron_trapdoor_bottom" },
    "facing=south,half=bottom,open=false,powered=false": { "model": "block/unused_cross_0" },
    "facing=east,half=bottom,open=false,powered=false": { "model": "block/unused_cross_0" },
    "facing=west,half=bottom,open=false,powered=false": { "model": "block/unused_cross_0" },
    "facing=north,half=top,open=false,powered=false": { "model": "block/iron_trapdoor_top" },
    "facing=south,half=top,open=false,powered=false": { "model": "block/unused_cross_0" },
    "facing=east,half=top,open=false,powered=false": { "model": "block/unused_cross_0" },
    "facing=west,half=top,open=false,powered=false": { "model": "block/unused_cross_0" },
    "powered=false,facing=north,half=bottom,open=true": { "model": "block/iron_trapdoor_open" },
    "powered=false,facing=south,half=bottom,open=true": { "model": "block/iron_trapdoor_open", "y": 180 },
    "powered=false,facing=east,half=bottom,open=true": { "model": "block/iron_trapdoor_open", "y": 90 },
    "powered=false,facing=west,half=bottom,open=true": { "model": "block/iron_trapdoor_open", "y": 270 },
    "facing=north,half=top,open=true,powered=false": { "model": "block/unused_cross_0" },
    "facing=south,half=top,open=true,powered=false": { "model": "block/unused_cross_0" },
    "facing=east,half=top,open=true,powered=false": { "model": "block/unused_cross_0" },
    "facing=west,half=top,open=true,powered=false": { "model": "block/unused_cross_0" },
    "facing=north,half=bottom,open=false,powered=true": { "model": "block/unused_cross_0" },
    "facing=south,half=bottom,open=false,powered=true": { "model": "block/unused_cross_0" },
    "facing=east,half=bottom,open=false,powered=true": { "model": "block/unused_cross_0" },
    "facing=west,half=bottom,open=false,powered=true": { "model": "block/unused_cross_0" },
    "facing=north,half=top,open=false,powered=true": { "model": "block/unused_cross_0" },
    "facing=south,half=top,open=false,powered=true": { "model": "block/unused_cross_0" },
    "facing=east,half=top,open=false,powered=true": { "model": "block/unused_cross_0" },
    "facing=west,half=top,open=false,powered=true": { "model": "block/unused_cross_0" },
    "facing=north,half=bottom,open=true,powered=true": { "model": "block/unused_cross_0" },
    "facing=south,half=bottom,open=true,powered=true": { "model": "block/unused_cross_0" },
    "facing=east,half=bottom,open=true,powered=true": { "model": "block/unused_cross_0" },
    "facing=west,half=bottom,open=true,powered=true": { "model": "block/unused_cross_0" },
    "facing=north,half=top,open=true,powered=true": { "model": "block/unused_cross_0" },
    "facing=south,half=top,open=true,powered=true": { "model": "block/unused_cross_0" },
    "facing=east,half=top,open=true,powered=true": { "model": "block/unused_cross_0" },
    "facing=west,half=top,open=true,powered=true": { "model": "block/unused_cross_0" }
  }
}
