{
  "variants": {
    "waterlogged=false,east=false,north=false,south=false,west=false": { "model": "block/iron_bars_nsew" },
    "waterlogged=false,east=false,north=true,south=false,west=false": { "model": "block/iron_bars_n" },
    "waterlogged=false,east=true,north=false,south=false,west=false": { "model": "block/iron_bars_n", "y": 90 },
    "waterlogged=false,east=false,north=false,south=true,west=false": { "model": "block/iron_bars_n", "y": 180 },
    "waterlogged=false,east=false,north=false,south=false,west=true": { "model": "block/iron_bars_n", "y": 270 },
    "waterlogged=false,east=true,north=true,south=false,west=false": { "model": "block/iron_bars_ne" },
    "waterlogged=false,east=true,north=false,south=true,west=false": { "model": "block/iron_bars_ne", "y": 90 },
    "waterlogged=false,east=false,north=false,south=true,west=true": { "model": "block/iron_bars_ne", "y": 180 },
    "waterlogged=false,east=false,north=true,south=false,west=true": { "model": "block/iron_bars_ne", "y": 270 },
    "waterlogged=false,east=false,north=true,south=true,west=false": { "model": "block/iron_bars_ns" },
    "waterlogged=false,east=true,north=false,south=false,west=true": { "model": "block/iron_bars_ns", "y": 90 },
    "waterlogged=false,east=true,north=true,south=true,west=false": { "model": "block/iron_bars_nse" },
    "waterlogged=false,east=true,north=false,south=true,west=true": { "model": "block/iron_bars_nse", "y": 90 },
    "waterlogged=false,east=false,north=true,south=true,west=true": { "model": "block/iron_bars_nse", "y": 180 },
    "waterlogged=false,east=true,north=true,south=false,west=true": { "model": "block/iron_bars_nse", "y": 270 },
    "waterlogged=false,east=true,north=true,south=true,west=true": { "model": "block/unused_cross_0" },
    "waterlogged=true,east=false,north=false,south=false,west=false": { "model": "block/iron_bars_nsew" },
    "waterlogged=true,east=false,north=true,south=false,west=false": { "model": "block/iron_bars_n" },
    "waterlogged=true,east=true,north=false,south=false,west=false": { "model": "block/iron_bars_n", "y": 90 },
    "waterlogged=true,east=false,north=false,south=true,west=false": { "model": "block/iron_bars_n", "y": 180 },
    "waterlogged=true,east=false,north=false,south=false,west=true": { "model": "block/iron_bars_n", "y": 270 },
    "waterlogged=true,east=true,north=true,south=false,west=false": { "model": "block/iron_bars_ne" },
    "waterlogged=true,east=true,north=false,south=true,west=false": { "model": "block/iron_bars_ne", "y": 90 },
    "waterlogged=true,east=false,north=false,south=true,west=true": { "model": "block/iron_bars_ne", "y": 180 },
    "waterlogged=true,east=false,north=true,south=false,west=true": { "model": "block/iron_bars_ne", "y": 270 },
    "waterlogged=true,east=false,north=true,south=true,west=false": { "model": "block/iron_bars_ns" },
    "waterlogged=true,east=true,north=false,south=false,west=true": { "model": "block/iron_bars_ns", "y": 90 },
    "waterlogged=true,east=true,north=true,south=true,west=false": { "model": "block/iron_bars_nse" },
    "waterlogged=true,east=true,north=false,south=true,west=true": { "model": "block/iron_bars_nse", "y": 90 },
    "waterlogged=true,east=false,north=true,south=true,west=true": { "model": "block/iron_bars_nse", "y": 180 },
    "waterlogged=true,east=true,north=true,south=false,west=true": { "model": "block/iron_bars_nse", "y": 270 },
    "waterlogged=true,east=true,north=true,south=true,west=true": { "model": "block/unused_cross_0" }
  }
}
