{
  "variants": {
    "power=0": { "model": "block/light_weighted_pressure_plate" },
    "power=1": { "model": "block/light_weighted_pressure_plate" },
    "power=2": [
      { "model": "block/light_weighted_pressure_plate_0" },
      { "model": "block/light_weighted_pressure_plate_0", "y": 90 }
    ],
    "power=3": [
      { "model": "block/light_weighted_pressure_plate_1" },
      { "model": "block/light_weighted_pressure_plate_1", "y": 90 }
    ],
    "power=4": [
      { "model": "block/light_weighted_pressure_plate_2" },
      { "model": "block/light_weighted_pressure_plate_2", "y": 180 }
    ],
    "power=5": [
      { "model": "block/light_weighted_pressure_plate_2", "y": 90 },
      { "model": "block/light_weighted_pressure_plate_2", "y": 270 }
    ],
    "power=6": { "model" : "block/unused_cross_0" },
    "power=7": { "model" : "block/unused_cross_0" },
    "power=8": { "model" : "block/unused_cross_0" },
    "power=9": { "model" : "block/unused_cross_0" },
    "power=10": { "model" : "block/unused_cross_0" },
    "power=11": { "model" : "block/unused_cross_0" },
    "power=12": { "model" : "block/unused_cross_0" },
    "power=13": { "model" : "block/unused_cross_0" },
    "power=14": { "model" : "block/unused_cross_0" },
    "power=15": { "model" : "block/unused_cross_0" }
  }
}
