{
  "variants": {
    "waterlogged=false,east=none,north=none,south=none,west=none,up=true": { "model": "block/mossy_stone_brick_wall" },
    "waterlogged=false,east=none,north=none,south=none,west=none,up=false": { "model": "block/unused_cross_0" },
    "waterlogged=false,east=none,north=none,south=none,west=low,up=true": { "model": "block/mossy_stone_brick_wall_n", "y": 270 },
    "waterlogged=false,east=none,north=none,south=none,west=low,up=false": { "model": "block/unused_cross_0" },
    "waterlogged=false,east=none,north=none,south=low,west=none,up=true": { "model": "block/mossy_stone_brick_wall_n", "y": 180 },
    "waterlogged=false,east=none,north=none,south=low,west=none,up=false": { "model": "block/unused_cross_0" },
    "waterlogged=false,east=none,north=none,south=low,west=low,up=true": { "model": "block/mossy_stone_brick_wall_ne", "y": 180 },
    "waterlogged=false,east=none,north=none,south=low,west=low,up=false": { "model": "block/unused_cross_0" },
    "waterlogged=false,east=none,north=low,south=none,west=none,up=true": { "model": "block/mossy_stone_brick_wall_n" },
    "waterlogged=false,east=none,north=low,south=none,west=none,up=false": { "model": "block/unused_cross_0" },
    "waterlogged=false,east=none,north=low,south=none,west=low,up=true": { "model": "block/mossy_stone_brick_wall_ne", "y": 270 },
    "waterlogged=false,east=none,north=low,south=none,west=low,up=false": { "model": "block/unused_cross_0" },
    "waterlogged=false,east=none,north=low,south=low,west=none,up=true": { "model": "block/mossy_stone_brick_wall_ns" },
    "waterlogged=false,east=none,north=low,south=low,west=none,up=false": { "model": "block/unused_cross_0" },
    "waterlogged=false,east=none,north=low,south=low,west=low,up=true": { "model": "block/unused_cross_0" },
    "waterlogged=false,east=none,north=low,south=low,west=low,up=false": { "model": "block/unused_cross_0" },
    "waterlogged=false,east=low,north=none,south=none,west=none,up=true": { "model": "block/mossy_stone_brick_wall_n", "y": 90 },
    "waterlogged=false,east=low,north=none,south=none,west=none,up=false": { "model": "block/unused_cross_0" },
    "waterlogged=false,east=low,north=none,south=none,west=low,up=true": { "model": "block/mossy_stone_brick_wall_ns", "y": 90 },
    "waterlogged=false,east=low,north=none,south=none,west=low,up=false": { "model": "block/unused_cross_0" },
    "waterlogged=false,east=low,north=none,south=low,west=none,up=true": { "model": "block/mossy_stone_brick_wall_ne", "y": 90 },
    "waterlogged=false,east=low,north=none,south=low,west=none,up=false": { "model": "block/unused_cross_0" },
    "waterlogged=false,east=low,north=none,south=low,west=low,up=true": { "model": "block/unused_cross_0" },
    "waterlogged=false,east=low,north=none,south=low,west=low,up=false": { "model": "block/unused_cross_0" },
    "waterlogged=false,east=low,north=low,south=none,west=none,up=true": { "model": "block/mossy_stone_brick_wall_ne" },
    "waterlogged=false,east=low,north=low,south=none,west=none,up=false": { "model": "block/unused_cross_0" },
    "waterlogged=false,east=low,north=low,south=none,west=low,up=true":  { "model": "block/unused_cross_0" },
    "waterlogged=false,east=low,north=low,south=none,west=low,up=false": { "model": "block/unused_cross_0" },
    "waterlogged=false,east=low,north=low,south=low,west=none,up=true": { "model": "block/unused_cross_0" },
    "waterlogged=false,east=low,north=low,south=low,west=none,up=false": { "model": "block/unused_cross_0" },
    "waterlogged=false,east=low,north=low,south=low,west=low,up=true": { "model": "block/mossy_stone_brick_wall_nsew" },
    "waterlogged=false,east=low,north=low,south=low,west=low,up=false": { "model": "block/unused_cross_0" },
    "waterlogged=true,east=none,north=none,south=none,west=none,up=true": { "model": "block/mossy_stone_brick_wall" },
    "waterlogged=true,east=none,north=none,south=none,west=none,up=false": { "model": "block/unused_cross_0" },
    "waterlogged=true,east=none,north=none,south=none,west=low,up=true": { "model": "block/mossy_stone_brick_wall_n", "y": 270 },
    "waterlogged=true,east=none,north=none,south=none,west=low,up=false": { "model": "block/unused_cross_0" },
    "waterlogged=true,east=none,north=none,south=low,west=none,up=true": { "model": "block/mossy_stone_brick_wall_n", "y": 180 },
    "waterlogged=true,east=none,north=none,south=low,west=none,up=false": { "model": "block/unused_cross_0" },
    "waterlogged=true,east=none,north=none,south=low,west=low,up=true": { "model": "block/mossy_stone_brick_wall_ne", "y": 180 },
    "waterlogged=true,east=none,north=none,south=low,west=low,up=false": { "model": "block/unused_cross_0" },
    "waterlogged=true,east=none,north=low,south=none,west=none,up=true": { "model": "block/mossy_stone_brick_wall_n" },
    "waterlogged=true,east=none,north=low,south=none,west=none,up=false": { "model": "block/unused_cross_0" },
    "waterlogged=true,east=none,north=low,south=none,west=low,up=true": { "model": "block/mossy_stone_brick_wall_ne", "y": 270 },
    "waterlogged=true,east=none,north=low,south=none,west=low,up=false": { "model": "block/unused_cross_0" },
    "waterlogged=true,east=none,north=low,south=low,west=none,up=true": { "model": "block/mossy_stone_brick_wall_ns" },
    "waterlogged=true,east=none,north=low,south=low,west=none,up=false": { "model": "block/unused_cross_0" },
    "waterlogged=true,east=none,north=low,south=low,west=low,up=true": { "model": "block/unused_cross_0" },
    "waterlogged=true,east=none,north=low,south=low,west=low,up=false": { "model": "block/unused_cross_0" },
    "waterlogged=true,east=low,north=none,south=none,west=none,up=true": { "model": "block/mossy_stone_brick_wall_n", "y": 90 },
    "waterlogged=true,east=low,north=none,south=none,west=none,up=false": { "model": "block/unused_cross_0" },
    "waterlogged=true,east=low,north=none,south=none,west=low,up=true": { "model": "block/mossy_stone_brick_wall_ns", "y": 90 },
    "waterlogged=true,east=low,north=none,south=none,west=low,up=false": { "model": "block/unused_cross_0" },
    "waterlogged=true,east=low,north=none,south=low,west=none,up=true": { "model": "block/mossy_stone_brick_wall_ne", "y": 90 },
    "waterlogged=true,east=low,north=none,south=low,west=none,up=false": { "model": "block/unused_cross_0" },
    "waterlogged=true,east=low,north=none,south=low,west=low,up=true": { "model": "block/unused_cross_0" },
    "waterlogged=true,east=low,north=none,south=low,west=low,up=false": { "model": "block/unused_cross_0" },
    "waterlogged=true,east=low,north=low,south=none,west=none,up=true": { "model": "block/mossy_stone_brick_wall_ne" },
    "waterlogged=true,east=low,north=low,south=none,west=none,up=false": { "model": "block/unused_cross_0" },
    "waterlogged=true,east=low,north=low,south=none,west=low,up=true":  { "model": "block/unused_cross_0" },
    "waterlogged=true,east=low,north=low,south=none,west=low,up=false": { "model": "block/unused_cross_0" },
    "waterlogged=true,east=low,north=low,south=low,west=none,up=true": { "model": "block/unused_cross_0" },
    "waterlogged=true,east=low,north=low,south=low,west=none,up=false": { "model": "block/unused_cross_0" },
    "waterlogged=true,east=low,north=low,south=low,west=low,up=true": { "model": "block/mossy_stone_brick_wall_nsew" },
    "waterlogged=true,east=low,north=low,south=low,west=low,up=false": { "model": "block/unused_cross_0" }
  }
}
