{
  "variants": {
    "north=true,east=true,south=true,west=true,up=true,down=true": { "model": "block/unused_block" },
    "north=true,east=true,south=true,west=true,up=true,down=false": { "model": "block/unused_block" },
    "north=true,east=true,south=true,west=true,up=false,down=true": { "model": "block/unused_block" },
    "north=true,east=true,south=true,west=true,up=false,down=false": { "model": "block/unused_block" },
    "north=true,east=true,south=true,west=false,up=true,down=true": { "model": "block/unused_block" },
    "north=true,east=true,south=true,west=false,up=true,down=false": { "model": "block/unused_block" },
    "north=true,east=true,south=true,west=false,up=false,down=true": { "model": "block/unused_block" },
    "north=true,east=true,south=true,west=false,up=false,down=false": { "model": "block/unused_block" },
    "north=true,east=true,south=false,west=true,up=true,down=true": { "model": "block/unused_block" },
    "north=true,east=true,south=false,west=true,up=true,down=false": { "model": "block/unused_block" },
    "north=true,east=true,south=false,west=true,up=false,down=true": { "model": "block/unused_block" },
    "north=true,east=true,south=false,west=true,up=false,down=false": { "model": "block/unused_block" },
    "north=true,east=true,south=false,west=false,up=true,down=true": { "model": "block/unused_block" },
    "north=true,east=true,south=false,west=false,up=true,down=false": { "model": "block/unused_block" },
    "north=true,east=true,south=false,west=false,up=false,down=true": { "model": "block/unused_block" },
    "north=true,east=true,south=false,west=false,up=false,down=false": { "model": "block/unused_block" },
    "north=true,east=false,south=true,west=true,up=true,down=true": { "model": "block/unused_block" },
    "north=true,east=false,south=true,west=true,up=true,down=false": { "model": "block/unused_block" },
    "north=true,east=false,south=true,west=true,up=false,down=true": { "model": "block/unused_block" },
    "north=true,east=false,south=true,west=true,up=false,down=false": { "model": "block/unused_block" },
    "north=true,east=false,south=true,west=false,up=true,down=true": { "model": "block/unused_block" },
    "north=true,east=false,south=true,west=false,up=true,down=false": { "model": "block/unused_block" },
    "north=true,east=false,south=true,west=false,up=false,down=true": { "model": "block/unused_block" },
    "north=true,east=false,south=true,west=false,up=false,down=false": { "model": "block/unused_block" },
    "north=true,east=false,south=false,west=true,up=true,down=true": { "model": "block/unused_block" },
    "north=true,east=false,south=false,west=true,up=true,down=false": { "model": "block/unused_block" },
    "north=true,east=false,south=false,west=true,up=false,down=true": { "model": "block/unused_block" },
    "north=true,east=false,south=false,west=true,up=false,down=false": { "model": "block/unused_block" },
    "north=true,east=false,south=false,west=false,up=true,down=true": { "model": "block/unused_block" },
    "north=true,east=false,south=false,west=false,up=true,down=false": { "model": "block/unused_block" },
    "north=true,east=false,south=false,west=false,up=false,down=true": { "model": "block/unused_block" },
    "north=true,east=false,south=false,west=false,up=false,down=false": { "model": "block/unused_block" },
    "north=false,east=true,south=true,west=true,up=true,down=true": { "model": "block/unused_block" },
    "north=false,east=true,south=true,west=true,up=true,down=false": { "model": "block/unused_block" },
    "north=false,east=true,south=true,west=true,up=false,down=true": { "model": "block/unused_block" },
    "north=false,east=true,south=true,west=true,up=false,down=false": { "model": "block/unused_block" },
    "north=false,east=true,south=true,west=false,up=true,down=true": { "model": "block/unused_block" },
    "north=false,east=true,south=true,west=false,up=true,down=false": { "model": "block/unused_block" },
    "north=false,east=true,south=true,west=false,up=false,down=true": { "model": "block/unused_block" },
    "north=false,east=true,south=true,west=false,up=false,down=false": { "model": "block/unused_block" },
    "north=false,east=true,south=false,west=true,up=true,down=true": { "model": "block/unused_block" },
    "north=false,east=true,south=false,west=true,up=true,down=false": { "model": "block/unused_block" },
    "north=false,east=true,south=false,west=true,up=false,down=true": { "model": "block/unused_block" },
    "north=false,east=true,south=false,west=true,up=false,down=false": { "model": "block/unused_block" },
    "north=false,east=true,south=false,west=false,up=true,down=true": { "model": "block/unused_block" },
    "north=false,east=true,south=false,west=false,up=true,down=false": { "model": "block/unused_block" },
    "north=false,east=true,south=false,west=false,up=false,down=true": { "model": "block/unused_block" },
    "north=false,east=true,south=false,west=false,up=false,down=false": { "model": "block/unused_block" },
    "north=false,east=false,south=true,west=true,up=true,down=true": { "model": "block/unused_block" },
    "north=false,east=false,south=true,west=true,up=true,down=false": { "model": "block/unused_block" },
    "north=false,east=false,south=true,west=true,up=false,down=true": { "model": "block/unused_block" },
    "north=false,east=false,south=true,west=true,up=false,down=false": { "model": "block/unused_block" },
    "north=false,east=false,south=true,west=false,up=true,down=true": { "model": "block/unused_block" },
    "north=false,east=false,south=true,west=false,up=true,down=false": { "model": "block/unused_block" },
    "north=false,east=false,south=true,west=false,up=false,down=true": { "model": "block/unused_block" },
    "north=false,east=false,south=true,west=false,up=false,down=false": { "model": "block/unused_block" },
    "north=false,east=false,south=false,west=true,up=true,down=true": { "model": "block/unused_block" },
    "north=false,east=false,south=false,west=true,up=true,down=false": { "model": "block/unused_block" },
    "north=false,east=false,south=false,west=true,up=false,down=true": { "model": "block/unused_block" },
    "north=false,east=false,south=false,west=true,up=false,down=false": { "model": "block/unused_block" },
    "north=false,east=false,south=false,west=false,up=true,down=true": { "model": "block/unused_block" },
    "north=false,east=false,south=false,west=false,up=true,down=false": { "model": "block/unused_block" },
    "north=false,east=false,south=false,west=false,up=false,down=true": { "model": "block/unused_block" },
    "north=false,east=false,south=false,west=false,up=false,down=false": { "model": "block/unused_block" }
  }
}