{
  "variants": {
    "age=0": { "model": "block/nether_wart_stage0" },
    "age=1": { "model": "block/nether_wart_1" },
    "age=2": [
      { "model": "block/nether_wart_2_0" },
      { "model": "block/nether_wart_2_1" },
      { "model": "block/nether_wart_2_2" },
      { "model": "block/nether_wart_2_3" }
    ],
    "age=3": [
      { "model": "block/nether_wart_3_0" },
      { "model": "block/nether_wart_3_1" },
      { "model": "block/nether_wart_3_2" },
      { "model": "block/nether_wart_3_3" }
    ]
  }
}
