{
  "variants": {
    "north=false,east=false,south=false,west=false": { "model": "block/unused_cross_0" },
    "north=false,east=false,south=false,west=true": { "model": "block/unused_cross_0" },
    "north=false,east=false,south=true,west=false": { "model": "block/unused_cross_0" },
    "north=false,east=false,south=true,west=true": { "model": "block/unused_cross_0" },
    "north=false,east=true,south=false,west=false": { "model": "block/unused_cross_0" },
    "north=false,east=true,south=false,west=true": { "model": "block/unused_cross_0" },
    "north=false,east=true,south=true,west=false": { "model": "block/unused_cross_0" },
    "north=false,east=true,south=true,west=true": { "model": "block/unused_cross_0" },
    "north=true,east=false,south=false,west=false": { "model": "block/unused_cross_0" },
    "north=true,east=false,south=false,west=true": { "model": "block/unused_cross_0" },
    "north=true,east=false,south=true,west=true": { "model": "block/unused_cross_0" },
    "north=true,east=false,south=true,west=false": { "model": "block/unused_cross_0" },
    "north=true,east=true,south=false,west=false": { "model": "block/unused_cross_0" },
    "north=true,east=true,south=false,west=true": { "model": "block/unused_cross_0" },
    "north=true,east=true,south=true,west=false": { "model": "block/unused_cross_0" },
    "north=true,east=true,south=true,west=true": { "model": "block/unused_cross_0" }
  }
}
