{
  "variants": {
    "powered=false,half=lower,hinge=left,open=false,facing=north": { "model": "block/unused_cross_0" },
    "powered=false,half=lower,hinge=left,open=false,facing=east": { "model": "block/unused_cross_0" },
    "powered=false,half=lower,hinge=left,open=false,facing=south": { "model": "block/unused_cross_0" },
    "powered=false,half=lower,hinge=left,open=false,facing=west": { "model": "block/unused_cross_0" },
    "powered=false,half=lower,hinge=left,open=true,facing=north": { "model": "block/unused_cross_0" },
    "powered=false,half=lower,hinge=left,open=true,facing=east": { "model": "block/unused_cross_0" },
    "powered=false,half=lower,hinge=left,open=true,facing=south": { "model": "block/unused_cross_0" },
    "powered=false,half=lower,hinge=left,open=true,facing=west": { "model": "block/unused_cross_0" },
    "powered=false,half=lower,hinge=right,open=false,facing=north": { "model": "block/unused_cross_0" },
    "powered=false,half=lower,hinge=right,open=false,facing=east": { "model": "block/unused_cross_0" },
    "powered=false,half=lower,hinge=right,open=false,facing=south": { "model": "block/unused_cross_0" },
    "powered=false,half=lower,hinge=right,open=false,facing=west": { "model": "block/unused_cross_0" },
    "powered=false,half=lower,hinge=right,open=true,facing=north": { "model": "block/unused_cross_0" },
    "powered=false,half=lower,hinge=right,open=true,facing=east": { "model": "block/unused_cross_0" },
    "powered=false,half=lower,hinge=right,open=true,facing=south": { "model": "block/unused_cross_0" },
    "powered=false,half=lower,hinge=right,open=true,facing=west": { "model": "block/unused_cross_0" },
    "powered=false,half=upper,hinge=left,open=false,facing=north": { "model": "block/unused_cross_0" },
    "powered=false,half=upper,hinge=left,open=false,facing=east": { "model": "block/unused_cross_0" },
    "powered=false,half=upper,hinge=left,open=false,facing=south": { "model": "block/unused_cross_0" },
    "powered=false,half=upper,hinge=left,open=false,facing=west": { "model": "block/unused_cross_0" },
    "powered=false,half=upper,hinge=left,open=true,facing=north": { "model": "block/unused_cross_0" },
    "powered=false,half=upper,hinge=left,open=true,facing=east": { "model": "block/unused_cross_0" },
    "powered=false,half=upper,hinge=left,open=true,facing=south": { "model": "block/unused_cross_0" },
    "powered=false,half=upper,hinge=left,open=true,facing=west": { "model": "block/unused_cross_0" },
    "powered=false,half=upper,hinge=right,open=false,facing=north": { "model": "block/unused_cross_0" },
    "powered=false,half=upper,hinge=right,open=false,facing=east": { "model": "block/unused_cross_0" },
    "powered=false,half=upper,hinge=right,open=false,facing=south": { "model": "block/unused_cross_0" },
    "powered=false,half=upper,hinge=right,open=false,facing=west": { "model": "block/unused_cross_0" },
    "powered=false,half=upper,hinge=right,open=true,facing=north": { "model": "block/unused_cross_0" },
    "powered=false,half=upper,hinge=right,open=true,facing=east": { "model": "block/unused_cross_0" },
    "powered=false,half=upper,hinge=right,open=true,facing=south": { "model": "block/unused_cross_0" },
    "powered=false,half=upper,hinge=right,open=true,facing=west": { "model": "block/unused_cross_0" },
    "powered=true,half=lower,hinge=left,open=false,facing=north": [
      { "model": "block/oak_door_bottom", "y": 270 },
      { "model": "block/oak_door_bottom1", "y": 270 },
      { "model": "block/oak_door_bottom2", "y": 270 }
    ],
    "powered=true,half=lower,hinge=left,open=false,facing=east": [
      { "model": "block/oak_door_bottom" },
      { "model": "block/oak_door_bottom1" },
      { "model": "block/oak_door_bottom2" }
    ],
    "powered=true,half=lower,hinge=left,open=false,facing=south": [
      { "model": "block/oak_door_bottom", "y": 90 },
      { "model": "block/oak_door_bottom1", "y": 90 },
      { "model": "block/oak_door_bottom2", "y": 90 }
    ],
    "powered=true,half=lower,hinge=left,open=false,facing=west": [
      { "model": "block/oak_door_bottom", "y": 180 },
      { "model": "block/oak_door_bottom1", "y": 180 },
      { "model": "block/oak_door_bottom2", "y": 180 }
    ],
    "powered=true,half=lower,hinge=left,open=true,facing=north": [
      { "model": "block/oak_door_bottom_hinge" },
      { "model": "block/oak_door_bottom_hinge1" },
      { "model": "block/oak_door_bottom_hinge2" }
    ],
    "powered=true,half=lower,hinge=left,open=true,facing=east": [
      { "model": "block/oak_door_bottom_hinge", "y": 90 },
      { "model": "block/oak_door_bottom_hinge1", "y": 90 },
      { "model": "block/oak_door_bottom_hinge2", "y": 90 }
    ],
    "powered=true,half=lower,hinge=left,open=true,facing=south": [
      { "model": "block/oak_door_bottom_hinge", "y": 180 },
      { "model": "block/oak_door_bottom_hinge1", "y": 180 },
      { "model": "block/oak_door_bottom_hinge2", "y": 180 }
    ],
    "powered=true,half=lower,hinge=left,open=true,facing=west": [
      { "model": "block/oak_door_bottom_hinge", "y": 270 },
      { "model": "block/oak_door_bottom_hinge1", "y": 270 },
      { "model": "block/oak_door_bottom_hinge2", "y": 270 }
    ],
    "powered=true,half=lower,hinge=right,open=false,facing=north": [
      { "model": "block/oak_door_bottom_hinge", "y": 270 },
      { "model": "block/oak_door_bottom_hinge1", "y": 270 },
      { "model": "block/oak_door_bottom_hinge2", "y": 270 }
    ],
    "powered=true,half=lower,hinge=right,open=false,facing=east": [
      { "model": "block/oak_door_bottom_hinge" },
      { "model": "block/oak_door_bottom_hinge1" },
      { "model": "block/oak_door_bottom_hinge2" }
    ],
    "powered=true,half=lower,hinge=right,open=false,facing=south": [
      { "model": "block/oak_door_bottom_hinge", "y": 90 },
      { "model": "block/oak_door_bottom_hinge1", "y": 90 },
      { "model": "block/oak_door_bottom_hinge2", "y": 90 }
    ],
    "powered=true,half=lower,hinge=right,open=false,facing=west": [
      { "model": "block/oak_door_bottom_hinge", "y": 180 },
      { "model": "block/oak_door_bottom_hinge1", "y": 180 },
      { "model": "block/oak_door_bottom_hinge2", "y": 180 }
    ],
    "powered=true,half=lower,hinge=right,open=true,facing=north": [
      { "model": "block/oak_door_bottom", "y": 180 },
      { "model": "block/oak_door_bottom1", "y": 180 },
      { "model": "block/oak_door_bottom2", "y": 180 }
    ],
    "powered=true,half=lower,hinge=right,open=true,facing=east": [
      { "model": "block/oak_door_bottom", "y": 270 },
      { "model": "block/oak_door_bottom1", "y": 270 },
      { "model": "block/oak_door_bottom2", "y": 270 }
    ],
    "powered=true,half=lower,hinge=right,open=true,facing=south": [
      { "model": "block/oak_door_bottom" },
      { "model": "block/oak_door_bottom1" },
      { "model": "block/oak_door_bottom2" }
    ],
    "powered=true,half=lower,hinge=right,open=true,facing=west": [
      { "model": "block/oak_door_bottom", "y": 90 },
      { "model": "block/oak_door_bottom1", "y": 90 },
      { "model": "block/oak_door_bottom2", "y": 90 }
    ],
    "powered=true,half=upper,hinge=left,open=false,facing=north": [
      { "model": "block/oak_door_top", "y": 270 },
      { "model": "block/oak_door_top1", "y": 270 },
      { "model": "block/oak_door_top2", "y": 270 }
    ],
    "powered=true,half=upper,hinge=left,open=false,facing=east": [
      { "model": "block/oak_door_top" },
      { "model": "block/oak_door_top1" },
      { "model": "block/oak_door_top2" }
    ],
    "powered=true,half=upper,hinge=left,open=false,facing=south": [
      { "model": "block/oak_door_top", "y": 90 },
      { "model": "block/oak_door_top1", "y": 90 },
      { "model": "block/oak_door_top2", "y": 90 }
    ],
    "powered=true,half=upper,hinge=left,open=false,facing=west": [
      { "model": "block/oak_door_top", "y": 180 },
      { "model": "block/oak_door_top1", "y": 180 },
      { "model": "block/oak_door_top2", "y": 180 }
    ],
    "powered=true,half=upper,hinge=left,open=true,facing=north": [
      { "model": "block/oak_door_top_hinge" },
      { "model": "block/oak_door_top_hinge1" },
      { "model": "block/oak_door_top_hinge2" }
    ], 
    "powered=true,half=upper,hinge=left,open=true,facing=east": [
      { "model": "block/oak_door_top_hinge", "y": 90 },
      { "model": "block/oak_door_top_hinge1", "y": 90 },
      { "model": "block/oak_door_top_hinge2", "y": 90 }
    ], 
    "powered=true,half=upper,hinge=left,open=true,facing=south": [
      { "model": "block/oak_door_top_hinge", "y": 180 },
      { "model": "block/oak_door_top_hinge1", "y": 180 },
      { "model": "block/oak_door_top_hinge2", "y": 180 }
    ],  
    "powered=true,half=upper,hinge=left,open=true,facing=west": [
      { "model": "block/oak_door_top_hinge", "y": 270 },
      { "model": "block/oak_door_top_hinge1", "y": 270 },
      { "model": "block/oak_door_top_hinge2", "y": 270 }
    ], 
    "powered=true,half=upper,hinge=right,open=false,facing=north": [
      { "model": "block/oak_door_top_hinge", "y": 270 },
      { "model": "block/oak_door_top_hinge1", "y": 270 },
      { "model": "block/oak_door_top_hinge2", "y": 270 }
    ], 
    "powered=true,half=upper,hinge=right,open=false,facing=east": [
      { "model": "block/oak_door_top_hinge" },
      { "model": "block/oak_door_top_hinge1" },
      { "model": "block/oak_door_top_hinge2" }
    ],
    "powered=true,half=upper,hinge=right,open=false,facing=south": [
      { "model": "block/oak_door_top_hinge", "y": 90 },
      { "model": "block/oak_door_top_hinge1", "y": 90 },
      { "model": "block/oak_door_top_hinge2", "y": 90 }
    ], 
    "powered=true,half=upper,hinge=right,open=false,facing=west": [
      { "model": "block/oak_door_top_hinge", "y": 180 },
      { "model": "block/oak_door_top_hinge1", "y": 180 },
      { "model": "block/oak_door_top_hinge2", "y": 180 }
    ],  
    "powered=true,half=upper,hinge=right,open=true,facing=north": [
      { "model": "block/oak_door_top", "y": 180 },
      { "model": "block/oak_door_top1", "y": 180 },
      { "model": "block/oak_door_top2", "y": 180 }
    ],
    "powered=true,half=upper,hinge=right,open=true,facing=east": [
      { "model": "block/oak_door_top", "y": 270 },
      { "model": "block/oak_door_top1", "y": 270 },
      { "model": "block/oak_door_top2", "y": 270 }
    ],
    "powered=true,half=upper,hinge=right,open=true,facing=south": [
      { "model": "block/oak_door_top" },
      { "model": "block/oak_door_top1" },
      { "model": "block/oak_door_top2" }
    ],
    "powered=true,half=upper,hinge=right,open=true,facing=west": [
      { "model": "block/oak_door_top", "y": 90 },
      { "model": "block/oak_door_top1", "y": 90 },
      { "model": "block/oak_door_top2", "y": 90 }
    ]
  }
}