{
    "variants": {
      "powered=false,facing=north,half=bottom,open=false": { "model": "block/oak_trapdoor_bottom" },
      "powered=false,facing=south,half=bottom,open=false": { "model": "block/oak_trapdoor_bottom", "y": 180 },
      "powered=false,facing=east,half=bottom,open=false": { "model": "block/oak_trapdoor_bottom", "y": 90 },
      "powered=false,facing=west,half=bottom,open=false": { "model": "block/oak_trapdoor_bottom", "y": 270 },
      "powered=false,facing=north,half=top,open=false": { "model": "block/oak_trapdoor_top" },
      "powered=false,facing=south,half=top,open=false": { "model": "block/oak_trapdoor_top", "y": 180 },
      "powered=false,facing=east,half=top,open=false": { "model": "block/oak_trapdoor_top", "y": 90 },
      "powered=false,facing=west,half=top,open=false": { "model": "block/oak_trapdoor_top", "y": 270 },
      "powered=false,facing=north,half=bottom,open=true": { "model": "block/oak_trapdoor_open" },
      "powered=false,facing=south,half=bottom,open=true": { "model": "block/oak_trapdoor_open", "y": 180 },
      "powered=false,facing=east,half=bottom,open=true": { "model": "block/oak_trapdoor_open", "y": 90 },
      "powered=false,facing=west,half=bottom,open=true": { "model": "block/oak_trapdoor_open", "y": 270 },
      "powered=false,facing=north,half=top,open=true": { "model": "block/oak_trapdoor_open", "x": 180, "y": 180 },
      "powered=false,facing=south,half=top,open=true": { "model": "block/oak_trapdoor_open", "x": 180, "y": 0 },
      "powered=false,facing=east,half=top,open=true": { "model": "block/oak_trapdoor_open", "x": 180, "y": 270 },
      "powered=false,facing=west,half=top,open=true": { "model": "block/oak_trapdoor_open", "x": 180, "y": 90 },
      "powered=true,facing=north,half=bottom,open=false": { "model": "block/oak_trapdoor_bottom" },
      "powered=true,facing=south,half=bottom,open=false": { "model": "block/unused_cross_0" },
      "powered=true,facing=east,half=bottom,open=false": { "model": "block/unused_cross_0" },
      "powered=true,facing=west,half=bottom,open=false": { "model": "block/unused_cross_0" },
      "powered=true,facing=north,half=top,open=false": { "model": "block/oak_trapdoor_top" },
      "powered=true,facing=south,half=top,open=false": { "model": "block/unused_cross_0" },
      "powered=true,facing=east,half=top,open=false": { "model": "block/unused_cross_0" },
      "powered=true,facing=west,half=top,open=false": { "model": "block/unused_cross_0" },
      "powered=true,facing=north,half=bottom,open=true": { "model": "block/oak_trapdoor_open" },
      "powered=true,facing=south,half=bottom,open=true": { "model": "block/oak_trapdoor_open", "y": 180 },
      "powered=true,facing=east,half=bottom,open=true": { "model": "block/oak_trapdoor_open", "y": 90 },
      "powered=true,facing=west,half=bottom,open=true": { "model": "block/oak_trapdoor_open", "y": 270 },
      "powered=true,facing=north,half=top,open=true": { "model": "block/unused_cross_0" },
      "powered=true,facing=south,half=top,open=true": { "model": "block/unused_cross_0" },
      "powered=true,facing=east,half=top,open=true": { "model": "block/unused_cross_0" },
      "powered=true,facing=west,half=top,open=true": { "model": "block/unused_cross_0" }
    }
}
