{
  "variants": {
    "facing=up,powered=false": { "model": "block/observer_off_0" },
    "facing=down,powered=false": { "model": "block/observer_off_1" },
    "facing=north,powered=false": { "model": "block/observer_off_0", "x": 90 },
    "facing=south,powered=false": { "model": "block/observer_off_1", "x": 90 },
    "facing=west,powered=false": { "model": "block/observer_off_0", "x": 90, "y": 90 },
    "facing=east,powered=false": { "model": "block/observer_off_1", "x": 90, "y": 90 },
    "facing=up,powered=true": { "model": "block/unused_block", "x": 270 },
    "facing=down,powered=true": { "model": "block/unused_block", "x": 90 },
    "facing=north,powered=true": { "model": "block/unused_block" },
    "facing=south,powered=true": { "model": "block/unused_block", "y": 180 },
    "facing=west,powered=true": { "model": "block/unused_block", "y": 270 },
    "facing=east,powered=true": { "model": "block/unused_block", "y": 90 }
  }
}
