{
  "variants": {
    "": [
      {"model": "block/polished_diorite"},
      {"model": "block/polished_diorite", "x": 90, "z": 90},
      {"model": "block/polished_diorite", "x": 180, "z": 180},
      {"model": "block/polished_diorite", "x": 270, "z": 270},
      {"model": "block/polished_diorite1"},
      {"model": "block/polished_diorite1", "x": 90, "z": 90},
      {"model": "block/polished_diorite1", "x": 180, "z": 180},
      {"model": "block/polished_diorite1", "x": 270, "z": 270},
      {"model": "block/polished_diorite2"},
      {"model": "block/polished_diorite2", "x": 90, "z": 90},
      {"model": "block/polished_diorite2", "x": 180, "z": 180},
      {"model": "block/polished_diorite2", "x": 270, "z": 270}
    ]
  }
}
