{
  "variants": {
    "locked=false,delay=1,powered=false,facing=north": { "model": "block/repeater_0" },
    "locked=false,delay=1,powered=false,facing=east": { "model": "block/repeater_1" },
    "locked=false,delay=1,powered=false,facing=south": { "model": "block/repeater_2" },
    "locked=false,delay=1,powered=false,facing=west": { "model": "block/repeater_3" },
    "locked=false,delay=1,powered=true,facing=north": { "model": "block/unused_cross_0" },
    "locked=false,delay=1,powered=true,facing=east": { "model": "block/unused_cross_0" },
    "locked=false,delay=1,powered=true,facing=south": { "model": "block/repeater_6" },
    "locked=false,delay=1,powered=true,facing=west": { "model": "block/unused_cross_0" },
    "locked=false,delay=2,powered=false,facing=north": { "model": "block/repeater_8" },
    "locked=false,delay=2,powered=false,facing=east": { "model": "block/repeater_9" },
    "locked=false,delay=2,powered=false,facing=south": { "model": "block/repeater_10" },
    "locked=false,delay=2,powered=false,facing=west": { "model": "block/repeater_11" },
    "locked=false,delay=2,powered=true,facing=north": { "model": "block/unused_cross_0" },
    "locked=false,delay=2,powered=true,facing=east": { "model": "block/unused_cross_0" },
    "locked=false,delay=2,powered=true,facing=south": [
      { "model": "block/repeater_14" },
      { "model": "block/repeater_14", "y": 90 },
      { "model": "block/repeater_14", "y": 180 },
      { "model": "block/repeater_14", "y": 270 }
    ],
    "locked=false,delay=2,powered=true,facing=west": { "model": "block/unused_cross_0" },
    
    "locked=false,delay=3,powered=false,facing=north": { "model": "block/repeater_16" },
    "locked=false,delay=3,powered=false,facing=east": { "model": "block/repeater_17" },
    "locked=false,delay=3,powered=false,facing=south": { "model": "block/repeater_18" },
    "locked=false,delay=3,powered=false,facing=west": { "model": "block/repeater_19" },
    "locked=false,delay=3,powered=true,facing=north": { "model": "block/unused_cross_0" },
    "locked=false,delay=3,powered=true,facing=east": { "model": "block/unused_cross_0" },
    "locked=false,delay=3,powered=true,facing=south": { "model": "block/unused_cross_0" },
    "locked=false,delay=3,powered=true,facing=west": { "model": "block/unused_cross_0" },
    "locked=false,delay=4,powered=false,facing=north": { "model": "block/repeater_24" },
    "locked=false,delay=4,powered=false,facing=east": { "model": "block/repeater_25" },
    "locked=false,delay=4,powered=false,facing=south": { "model": "block/repeater_26" },
    "locked=false,delay=4,powered=false,facing=west": { "model": "block/repeater_27" },
    "locked=false,delay=4,powered=true,facing=north": { "model": "block/unused_cross_0" },
    "locked=false,delay=4,powered=true,facing=east": { "model": "block/unused_cross_0" },
    "locked=false,delay=4,powered=true,facing=south": { "model": "block/unused_cross_0" },
    "locked=false,delay=4,powered=true,facing=west": { "model": "block/unused_cross_0" },
    "locked=true,delay=1,powered=false,facing=north": { "model": "block/unused_cross_0" },
    "locked=true,delay=1,powered=false,facing=east": { "model": "block/unused_cross_0" },
    "locked=true,delay=1,powered=false,facing=south": { "model": "block/unused_cross_0" },
    "locked=true,delay=1,powered=false,facing=west": { "model": "block/unused_cross_0" },
    "locked=true,delay=1,powered=true,facing=north": { "model": "block/unused_cross_0" },
    "locked=true,delay=1,powered=true,facing=east": { "model": "block/unused_cross_0" },
    "locked=true,delay=1,powered=true,facing=south": { "model": "block/unused_cross_0" },
    "locked=true,delay=1,powered=true,facing=west": { "model": "block/unused_cross_0" },
    "locked=true,delay=2,powered=false,facing=north": { "model": "block/unused_cross_0" },
    "locked=true,delay=2,powered=false,facing=east": { "model": "block/unused_cross_0" },
    "locked=true,delay=2,powered=false,facing=south": { "model": "block/unused_cross_0" },
    "locked=true,delay=2,powered=false,facing=west": { "model": "block/unused_cross_0" },
    "locked=true,delay=2,powered=true,facing=north": { "model": "block/unused_cross_0" },
    "locked=true,delay=2,powered=true,facing=east": { "model": "block/unused_cross_0" },
    "locked=true,delay=2,powered=true,facing=south": { "model": "block/unused_cross_0" },
    "locked=true,delay=2,powered=true,facing=west": { "model": "block/unused_cross_0" },
    "locked=true,delay=3,powered=false,facing=north": { "model": "block/unused_cross_0" },
    "locked=true,delay=3,powered=false,facing=east": { "model": "block/unused_cross_0" },
    "locked=true,delay=3,powered=false,facing=south": { "model": "block/unused_cross_0" },
    "locked=true,delay=3,powered=false,facing=west": { "model": "block/unused_cross_0" },
    "locked=true,delay=3,powered=true,facing=north": { "model": "block/unused_cross_0" },
    "locked=true,delay=3,powered=true,facing=east": { "model": "block/unused_cross_0" },
    "locked=true,delay=3,powered=true,facing=south": { "model": "block/unused_cross_0" },
    "locked=true,delay=3,powered=true,facing=west": { "model": "block/unused_cross_0" },
    "locked=true,delay=4,powered=false,facing=north": { "model": "block/unused_cross_0" },
    "locked=true,delay=4,powered=false,facing=east": { "model": "block/unused_cross_0" },
    "locked=true,delay=4,powered=false,facing=south": { "model": "block/unused_cross_0" },
    "locked=true,delay=4,powered=false,facing=west": { "model": "block/unused_cross_0" },
    "locked=true,delay=4,powered=true,facing=north": { "model": "block/unused_cross_0" },
    "locked=true,delay=4,powered=true,facing=east": { "model": "block/unused_cross_0" },
    "locked=true,delay=4,powered=true,facing=south": { "model": "block/unused_cross_0" },
    "locked=true,delay=4,powered=true,facing=west": { "model": "block/unused_cross_0" }
  }
}
