{
    "variants":{
        "waterlogged=true,pickles=1": { "model": "block/unused_cross_0" },
        "waterlogged=true,pickles=2": { "model": "block/unused_cross_0" },
        "waterlogged=true,pickles=3": { "model": "block/unused_cross_0" },
        "waterlogged=true,pickles=4": { "model": "block/unused_cross_0" },
        "waterlogged=false,pickles=1": { "model": "block/unused_cross_0" },
        "waterlogged=false,pickles=2": { "model": "block/unused_cross_0" },
        "waterlogged=false,pickles=3": { "model": "block/unused_cross_0" },
        "waterlogged=false,pickles=4": { "model": "block/unused_cross_0" }
    }
}