{
  "variants": {
    "facing\u003dsouth,in_wall\u003dfalse,open\u003dfalse": {
      "model": "block/spruce_fence_gate"
    },
    "facing\u003dwest,in_wall\u003dfalse,open\u003dfalse": {
      "model": "block/spruce_fence_gate",
      "y": 90,
      "uvlock": true
    },
    "facing\u003dnorth,in_wall\u003dfalse,open\u003dfalse": {
      "model": "block/spruce_fence_gate",
      "y": 180,
      "uvlock": true
    },
    "facing\u003deast,in_wall\u003dfalse,open\u003dfalse": {
      "model": "block/spruce_fence_gate",
      "y": 270,
      "uvlock": true
    },
    "facing\u003dsouth,in_wall\u003dfalse,open\u003dtrue": {
      "model": "block/spruce_fence_gate_open"
    },
    "facing\u003dwest,in_wall\u003dfalse,open\u003dtrue": {
      "model": "block/spruce_fence_gate_open",
      "y": 90,
      "uvlock": true
    },
    "facing\u003dnorth,in_wall\u003dfalse,open\u003dtrue": {
      "model": "block/spruce_fence_gate_open",
      "y": 180,
      "uvlock": true
    },
    "facing\u003deast,in_wall\u003dfalse,open\u003dtrue": {
      "model": "block/spruce_fence_gate_open",
      "y": 270,
      "uvlock": true
    },
    "facing\u003dsouth,in_wall\u003dtrue,open\u003dfalse": {
      "model": "block/spruce_fence_gate_wall"
    },
    "facing\u003dwest,in_wall\u003dtrue,open\u003dfalse": {
      "model": "block/spruce_fence_gate_wall",
      "y": 90,
      "uvlock": true
    },
    "facing\u003dnorth,in_wall\u003dtrue,open\u003dfalse": {
      "model": "block/spruce_fence_gate_wall",
      "y": 180,
      "uvlock": true
    },
    "facing\u003deast,in_wall\u003dtrue,open\u003dfalse": {
      "model": "block/spruce_fence_gate_wall",
      "y": 270,
      "uvlock": true
    },
    "facing\u003dsouth,in_wall\u003dtrue,open\u003dtrue": {
      "model": "block/spruce_fence_gate_wall_open"
    },
    "facing\u003dwest,in_wall\u003dtrue,open\u003dtrue": {
      "model": "block/spruce_fence_gate_wall_open",
      "y": 90,
      "uvlock": true
    },
    "facing\u003dnorth,in_wall\u003dtrue,open\u003dtrue": {
      "model": "block/spruce_fence_gate_wall_open",
      "y": 180,
      "uvlock": true
    },
    "facing\u003deast,in_wall\u003dtrue,open\u003dtrue": {
      "model": "block/spruce_fence_gate_wall_open",
      "y": 270,
      "uvlock": true
    }
  }
}
