{
  "variants": {
    "age=0": { "model": "block/unused_cross_0" },
    "age=1": { "model": "block/unused_cross_0" },
    "age=2": { "model": "block/unused_cross_0" },
    "age=3": { "model": "block/unused_cross_0" },
    "age=4": { "model": "block/unused_cross_0" },
    "age=5": { "model": "block/unused_cross_0" },
    "age=6": { "model": "block/unused_cross_0" },
    "age=7": { "model": "block/unused_cross_0" },
    "age=8": { "model": "block/unused_cross_0" },
    "age=9": { "model": "block/unused_cross_0" },
    "age=10": { "model": "block/unused_cross_0" },
    "age=11": { "model": "block/unused_cross_0" },
    "age=12": { "model": "block/unused_cross_0" },
    "age=13": { "model": "block/unused_cross_0" },
    "age=14": { "model": "block/unused_cross_0" },
    "age=15": { "model": "block/unused_cross_0" }
  }
}
