{
  "variants": {
    "eggs=1,hatch=0": { "model": "block/unused_cross_0" },
    "eggs=1,hatch=1": { "model": "block/unused_cross_0" },
    "eggs=1,hatch=2": { "model": "block/unused_cross_0" },
    "eggs=2,hatch=0": { "model": "block/unused_cross_0" },
    "eggs=2,hatch=1": { "model": "block/unused_cross_0" },
    "eggs=2,hatch=2": { "model": "block/unused_cross_0" },
    "eggs=3,hatch=0": { "model": "block/unused_cross_0" },
    "eggs=3,hatch=1": { "model": "block/unused_cross_0" },
    "eggs=3,hatch=2": { "model": "block/unused_cross_0" },
    "eggs=4,hatch=0": { "model": "block/unused_cross_0" },
    "eggs=4,hatch=1": { "model": "block/unused_cross_0" },
    "eggs=4,hatch=2": { "model": "block/unused_cross_0" }
  }
}
