{
  "variants": {
    "east\u003dfalse,north\u003dfalse,south\u003dfalse,up\u003dfalse,west\u003dfalse": {
      "model": "block/vine_1"
    },
    "east\u003dfalse,north\u003dfalse,south\u003dtrue,up\u003dfalse,west\u003dfalse": {
      "model": "block/vine_1"
    },
    "east\u003dfalse,north\u003dfalse,south\u003dfalse,up\u003dfalse,west\u003dtrue": {
      "model": "block/vine_1",
      "y": 90
    },
    "east\u003dfalse,north\u003dtrue,south\u003dfalse,up\u003dfalse,west\u003dfalse": {
      "model": "block/vine_1",
      "y": 180
    },
    "east\u003dtrue,north\u003dfalse,south\u003dfalse,up\u003dfalse,west\u003dfalse": {
      "model": "block/vine_1",
      "y": 270
    },
    "east\u003dtrue,north\u003dtrue,south\u003dfalse,up\u003dfalse,west\u003dfalse": {
      "model": "block/vine_2"
    },
    "east\u003dtrue,north\u003dfalse,south\u003dtrue,up\u003dfalse,west\u003dfalse": {
      "model": "block/vine_2",
      "y": 90
    },
    "east\u003dfalse,north\u003dfalse,south\u003dtrue,up\u003dfalse,west\u003dtrue": {
      "model": "block/vine_2",
      "y": 180
    },
    "east\u003dfalse,north\u003dtrue,south\u003dfalse,up\u003dfalse,west\u003dtrue": {
      "model": "block/vine_2",
      "y": 270
    },
    "east\u003dtrue,north\u003dfalse,south\u003dfalse,up\u003dfalse,west\u003dtrue": {
      "model": "block/vine_2_opposite"
    },
    "east\u003dfalse,north\u003dtrue,south\u003dtrue,up\u003dfalse,west\u003dfalse": {
      "model": "block/vine_2_opposite",
      "y": 90
    },
    "east\u003dtrue,north\u003dtrue,south\u003dtrue,up\u003dfalse,west\u003dfalse": {
      "model": "block/vine_3"
    },
    "east\u003dtrue,north\u003dfalse,south\u003dtrue,up\u003dfalse,west\u003dtrue": {
      "model": "block/vine_3",
      "y": 90
    },
    "east\u003dfalse,north\u003dtrue,south\u003dtrue,up\u003dfalse,west\u003dtrue": {
      "model": "block/vine_3",
      "y": 180
    },
    "east\u003dtrue,north\u003dtrue,south\u003dfalse,up\u003dfalse,west\u003dtrue": {
      "model": "block/vine_3",
      "y": 270
    },
    "east\u003dtrue,north\u003dtrue,south\u003dtrue,up\u003dfalse,west\u003dtrue": {
      "model": "block/vine_4"
    },
    "east\u003dfalse,north\u003dfalse,south\u003dfalse,up\u003dtrue,west\u003dfalse": {
      "model": "block/vine_u"
    },
    "east\u003dfalse,north\u003dfalse,south\u003dtrue,up\u003dtrue,west\u003dfalse": {
      "model": "block/vine_1u"
    },
    "east\u003dfalse,north\u003dfalse,south\u003dfalse,up\u003dtrue,west\u003dtrue": {
      "model": "block/vine_1u",
      "y": 90
    },
    "east\u003dfalse,north\u003dtrue,south\u003dfalse,up\u003dtrue,west\u003dfalse": {
      "model": "block/vine_1u",
      "y": 180
    },
    "east\u003dtrue,north\u003dfalse,south\u003dfalse,up\u003dtrue,west\u003dfalse": {
      "model": "block/vine_1u",
      "y": 270
    },
    "east\u003dtrue,north\u003dtrue,south\u003dfalse,up\u003dtrue,west\u003dfalse": {
      "model": "block/vine_2u"
    },
    "east\u003dtrue,north\u003dfalse,south\u003dtrue,up\u003dtrue,west\u003dfalse": {
      "model": "block/vine_2u",
      "y": 90
    },
    "east\u003dfalse,north\u003dfalse,south\u003dtrue,up\u003dtrue,west\u003dtrue": {
      "model": "block/vine_2u",
      "y": 180
    },
    "east\u003dfalse,north\u003dtrue,south\u003dfalse,up\u003dtrue,west\u003dtrue": {
      "model": "block/vine_2u",
      "y": 270
    },
    "east\u003dtrue,north\u003dfalse,south\u003dfalse,up\u003dtrue,west\u003dtrue": {
      "model": "block/vine_2u_opposite"
    },
    "east\u003dfalse,north\u003dtrue,south\u003dtrue,up\u003dtrue,west\u003dfalse": {
      "model": "block/vine_2u_opposite",
      "y": 90
    },
    "east\u003dtrue,north\u003dtrue,south\u003dtrue,up\u003dtrue,west\u003dfalse": {
      "model": "block/vine_3u"
    },
    "east\u003dtrue,north\u003dfalse,south\u003dtrue,up\u003dtrue,west\u003dtrue": {
      "model": "block/vine_3u",
      "y": 90
    },
    "east\u003dfalse,north\u003dtrue,south\u003dtrue,up\u003dtrue,west\u003dtrue": {
      "model": "block/vine_3u",
      "y": 180
    },
    "east\u003dtrue,north\u003dtrue,south\u003dfalse,up\u003dtrue,west\u003dtrue": {
      "model": "block/vine_3u",
      "y": 270
    },
    "east\u003dtrue,north\u003dtrue,south\u003dtrue,up\u003dtrue,west\u003dtrue": {
      "model": "block/vine_4u"
    }
  }
}
