{
  "variants": {
    "age=0": [
      { "model": "block/wheat_0_0" },
      { "model": "block/wheat_0_0", "y": 90 },
      { "model": "block/wheat_0_0", "y": 180 },
      { "model": "block/wheat_0_0", "y": 270 },
      { "model": "block/wheat_0_1" },
      { "model": "block/wheat_0_1", "y": 90 },
      { "model": "block/wheat_0_1", "y": 180 },
      { "model": "block/wheat_0_1", "y": 270 },
      { "model": "block/wheat_0_2" },
      { "model": "block/wheat_0_2", "y": 90 },
      { "model": "block/wheat_0_2", "y": 180 },
      { "model": "block/wheat_0_2", "y": 270 }
    ],
    "age=1": [
      { "model": "block/wheat_1" },
      { "model": "block/wheat_1", "y": 90 },
      { "model": "block/wheat_1", "y": 180 },
      { "model": "block/wheat_1", "y": 270 }
    ],
    "age=2": [
      { "model": "block/wheat_2" },
      { "model": "block/wheat_2", "y": 90 },
      { "model": "block/wheat_2", "y": 180 },
      { "model": "block/wheat_2", "y": 270 }
    ],
    "age=3": [
      { "model": "block/wheat_3_0" },
      { "model": "block/wheat_3_0", "y": 90 },
      { "model": "block/wheat_3_0", "y": 180 },
      { "model": "block/wheat_3_0", "y": 270 },
      { "model": "block/wheat_3_1" },
      { "model": "block/wheat_3_1", "y": 90 },
      { "model": "block/wheat_3_1", "y": 180 },
      { "model": "block/wheat_3_1", "y": 270 },
      { "model": "block/wheat_3_2" },
      { "model": "block/wheat_3_2", "y": 90 },
      { "model": "block/wheat_3_2", "y": 180 },
      { "model": "block/wheat_3_2", "y": 270 },
      { "model": "block/wheat_3_3" },
      { "model": "block/wheat_3_3", "y": 90 },
      { "model": "block/wheat_3_3", "y": 180 },
      { "model": "block/wheat_3_3", "y": 270 },
      { "model": "block/wheat_3_4" },
      { "model": "block/wheat_3_4", "y": 90 },
      { "model": "block/wheat_3_4", "y": 180 },
      { "model": "block/wheat_3_4", "y": 270 }
    ],
    "age=4": [
      { "model": "block/wheat_4_0" },
      { "model": "block/wheat_4_1" },
      { "model": "block/wheat_4_2" },
      { "model": "block/wheat_4_3" },
      { "model": "block/wheat_4_4" },
      { "model": "block/wheat_4_5" },
      { "model": "block/wheat_4_6" },
      { "model": "block/wheat_4_7" },
      { "model": "block/wheat_4_8" },
      { "model": "block/wheat_4_9" }
    ],
    "age=5": [
      { "model": "block/wheat_5_0" },
      { "model": "block/wheat_5_1" },
      { "model": "block/wheat_5_2" },
      { "model": "block/wheat_5_3" },
      { "model": "block/wheat_5_4" },
      { "model": "block/wheat_5_5" },
      { "model": "block/wheat_5_6" },
      { "model": "block/wheat_5_7" },
      { "model": "block/wheat_5_8" },
      { "model": "block/wheat_5_9" }
    ],
    "age=6": { "model": "block/unused_cross_0" },
    "age=7": { "model": "block/unused_cross_0" }
  }
}
